TicketID,CreatedDate,Status,Channel,Group,CSAT_Score,CSAT_Category,ResponseTimeHrs,ResolutionTimeHrs,WeekNumber,SLA_Met,SLA_Flag,Resolution_Bucket,Response_Speed_Bucket,Ticket_Count
Tkt-0000,2025-12-09 21:00:00,Closed,Email,Tier1,5,Positive,7.5,7.3,9,No,0,Within 24h,Slow,1
Tkt-0001,2026-02-25 01:00:00,Closed,Phone,Tier1,5,Positive,5,13.2,12,No,0,Within 24h,Slow,1
Tkt-0002,2026-01-24 17:00:00,Closed,Portal,Escalations,4,Positive,2.7,12.6,11,Yes,1,Within 24h,Medium,1
Tkt-0003,2026-01-31 20:00:00,Closed,Phone,Tier1,5,Positive,5.3,16.3,10,No,0,Within 24h,Slow,1
Tkt-0004,2026-02-15 03:00:00,Pending,Portal,Tier1,5,Positive,3.1,10.4,12,Yes,1,Within 24h,Medium,1
Tkt-0005,2025-12-21 22:00:00,Pending,Phone,Tech,5,Positive,2.5,1,9,Yes,1,Within 24h,Medium,1
Tkt-0006,2025-12-15 11:00:00,Open,Phone,Tier2,5,Positive,1.3,9,11,Yes,1,Within 24h,Medium,1
Tkt-0007,2026-02-25 00:00:00,Closed,Portal,Tech,1,Negative,0.1,18.9,10,Yes,1,Within 24h,Fast,1
Tkt-0008,2026-02-17 18:00:00,Closed,Email,Tier1,5,Positive,3.2,10.1,9,Yes,1,Within 24h,Medium,1
Tkt-0009,2026-01-30 08:00:00,Closed,Phone,Tier2,2,Negative,4.6,10.5,11,No,0,Within 24h,Slow,1
Tkt-0010,2025-12-14 00:00:00,Open,Email,Tier1,4,Positive,4,20.4,9,No,0,Within 24h,Medium,1
Tkt-0011,2025-12-19 18:00:00,Closed,Portal,Tier1,4,Positive,3.2,6.8,11,Yes,1,Within 24h,Medium,1
Tkt-0012,2025-12-07 02:00:00,Closed,Portal,Escalations,4,Positive,1.8,1,10,Yes,1,Within 24h,Medium,1
Tkt-0013,2025-12-21 11:00:00,Closed,Email,Tier1,4,Positive,5.7,11.2,10,No,0,Within 24h,Slow,1
Tkt-0014,2026-01-31 10:00:00,Pending,Phone,Tier2,5,Positive,0.9,8.6,9,Yes,1,Within 24h,Fast,1
Tkt-0015,2025-12-15 16:00:00,Pending,Portal,Tier2,4,Positive,6.1,4.8,11,No,0,Within 24h,Slow,1
Tkt-0016,2026-02-28 19:00:00,Closed,Email,Tier2,5,Positive,1.7,11.1,12,Yes,1,Within 24h,Medium,1
Tkt-0017,2025-12-01 11:00:00,Closed,Phone,Tech,4,Positive,2.3,16.4,10,Yes,1,Within 24h,Medium,1
Tkt-0018,2026-01-16 16:00:00,Closed,Portal,Tier1,2,Negative,0.5,12.4,12,Yes,1,Within 24h,Fast,1
Tkt-0019,2026-02-09 18:00:00,Closed,Email,Billing,5,Positive,2.9,15,12,Yes,1,Within 24h,Medium,1
Tkt-0020,2026-01-16 21:00:00,Closed,Phone,Escalations,4,Positive,6.6,27,9,No,0,24-48h,Slow,1
Tkt-0021,2026-02-17 12:00:00,Pending,Email,Billing,4,Positive,5.5,9.8,9,No,0,Within 24h,Slow,1
Tkt-0022,2026-02-16 13:00:00,Closed,Portal,Escalations,5,Positive,6.6,14.7,9,No,0,Within 24h,Slow,1
Tkt-0023,2026-01-15 05:00:00,Closed,Portal,Tier1,4,Positive,5.5,8.4,11,No,0,Within 24h,Slow,1
Tkt-0024,2026-01-26 23:00:00,Closed,Portal,Tier2,2,Negative,1.4,5.7,10,Yes,1,Within 24h,Medium,1
Tkt-0025,2026-01-01 07:00:00,Closed,Phone,Tier1,4,Positive,3.4,7.8,10,Yes,1,Within 24h,Medium,1
Tkt-0026,2026-02-13 12:00:00,Pending,Portal,Billing,5,Positive,2.2,8.7,12,Yes,1,Within 24h,Medium,1
Tkt-0027,2026-02-18 07:00:00,Closed,Portal,Escalations,5,Positive,7.5,15.4,9,No,0,Within 24h,Slow,1
Tkt-0028,2026-01-22 04:00:00,Closed,Email,Tier1,5,Positive,1.2,31.3,11,Yes,1,24-48h,Medium,1
Tkt-0029,2025-12-11 13:00:00,Open,Portal,Billing,5,Positive,6.4,6.8,10,No,0,Within 24h,Slow,1
Tkt-0030,2025-12-17 18:00:00,Closed,Email,Tier1,3,Neutral,6.4,9.2,11,No,0,Within 24h,Slow,1
Tkt-0031,2026-02-20 23:00:00,Pending,Phone,Billing,4,Positive,8.8,12,9,No,0,Within 24h,Slow,1
Tkt-0032,2025-12-06 17:00:00,Open,Email,Tier2,5,Positive,3.2,15.7,9,Yes,1,Within 24h,Medium,1
Tkt-0033,2026-01-22 22:00:00,Closed,Email,Escalations,2,Negative,6,14.6,10,No,0,Within 24h,Slow,1
Tkt-0034,2026-01-30 21:00:00,Closed,Email,Billing,4,Positive,9.9,22.8,12,No,0,Within 24h,Slow,1
Tkt-0035,2026-01-11 16:00:00,Closed,Phone,Tier2,4,Positive,2.7,1,12,Yes,1,Within 24h,Medium,1
Tkt-0036,2026-01-01 04:00:00,Closed,Email,Tier1,4,Positive,0.4,1,9,Yes,1,Within 24h,Fast,1
Tkt-0037,2026-01-13 19:00:00,Pending,Phone,Tier1,5,Positive,0.1,8.5,9,Yes,1,Within 24h,Fast,1
Tkt-0038,2026-01-12 13:00:00,Closed,Email,Tier1,2,Negative,6,21.3,12,No,0,Within 24h,Slow,1
Tkt-0039,2026-02-02 03:00:00,Closed,Email,Tier1,4,Positive,0.1,1,9,Yes,1,Within 24h,Fast,1
Tkt-0040,2026-01-25 02:00:00,Pending,Phone,Tech,3,Neutral,3.3,1,10,Yes,1,Within 24h,Medium,1
Tkt-0041,2025-12-03 04:00:00,Closed,Portal,Billing,5,Positive,5.3,17.1,10,No,0,Within 24h,Slow,1
Tkt-0042,2026-02-19 05:00:00,Open,Email,Tier2,2,Negative,4.7,14.4,11,No,0,Within 24h,Slow,1
Tkt-0043,2025-12-09 19:00:00,Closed,Phone,Tier1,4,Positive,5.3,3.8,12,No,0,Within 24h,Slow,1
Tkt-0044,2025-12-22 01:00:00,Closed,Portal,Tech,5,Positive,4.8,4.6,9,No,0,Within 24h,Slow,1
Tkt-0045,2026-01-28 19:00:00,Closed,Phone,Billing,5,Positive,7.4,4.7,11,No,0,Within 24h,Slow,1
Tkt-0046,2025-12-31 12:00:00,Closed,Email,Tier1,4,Positive,1.8,13.4,10,Yes,1,Within 24h,Medium,1
Tkt-0047,2026-01-25 04:00:00,Closed,Email,Billing,4,Positive,2.5,7.5,12,Yes,1,Within 24h,Medium,1
Tkt-0048,2025-12-02 07:00:00,Closed,Portal,Tier2,4,Positive,2.3,16.5,10,Yes,1,Within 24h,Medium,1
Tkt-0049,2026-01-31 03:00:00,Pending,Email,Tier1,4,Positive,6.3,1,9,No,0,Within 24h,Slow,1
Tkt-0050,2026-01-18 23:00:00,Closed,Portal,Tier2,3,Neutral,6.5,5.6,11,No,0,Within 24h,Slow,1
Tkt-0051,2026-01-30 23:00:00,Closed,Phone,Tier2,4,Positive,5.3,3.5,9,No,0,Within 24h,Slow,1
Tkt-0052,2026-01-19 12:00:00,Closed,Portal,Tier1,4,Positive,7.2,10.4,9,No,0,Within 24h,Slow,1
Tkt-0053,2026-01-25 22:00:00,Closed,Portal,Escalations,4,Positive,1.3,8.2,12,Yes,1,Within 24h,Medium,1
Tkt-0054,2026-02-01 06:00:00,Closed,Portal,Tech,5,Positive,8.4,18.9,12,No,0,Within 24h,Slow,1
Tkt-0055,2026-01-19 18:00:00,Closed,Email,Billing,5,Positive,8,1,9,No,0,Within 24h,Slow,1
Tkt-0056,2025-12-07 09:00:00,Pending,Portal,Tier2,5,Positive,6,12.9,12,No,0,Within 24h,Slow,1
Tkt-0057,2026-01-09 04:00:00,Pending,Email,Tier2,2,Negative,8.7,17,11,No,0,Within 24h,Slow,1
Tkt-0058,2026-01-01 20:00:00,Open,Phone,Billing,2,Negative,0.1,27.4,11,Yes,1,24-48h,Fast,1
Tkt-0059,2026-01-26 20:00:00,Closed,Phone,Tier2,5,Positive,2.9,8.6,9,Yes,1,Within 24h,Medium,1
Tkt-0060,2026-01-28 01:00:00,Closed,Portal,Tier1,4,Positive,2.4,15.1,11,Yes,1,Within 24h,Medium,1
Tkt-0061,2025-12-19 07:00:00,Closed,Portal,Tier2,2,Negative,6,1,9,No,0,Within 24h,Slow,1
Tkt-0062,2026-01-26 01:00:00,Closed,Portal,Tech,5,Positive,1.6,1,11,Yes,1,Within 24h,Medium,1
Tkt-0063,2025-12-16 11:00:00,Closed,Phone,Tier2,5,Positive,6.1,19.3,10,No,0,Within 24h,Slow,1
Tkt-0064,2025-12-16 12:00:00,Closed,Phone,Tier1,5,Positive,7.6,12.5,9,No,0,Within 24h,Slow,1
Tkt-0065,2026-01-13 17:00:00,Closed,Phone,Tech,4,Positive,5.9,21.9,11,No,0,Within 24h,Slow,1
Tkt-0066,2026-02-11 08:00:00,Pending,Email,Tier1,1,Negative,4.9,1.5,10,No,0,Within 24h,Slow,1
Tkt-0067,2025-12-27 22:00:00,Closed,Email,Tier1,5,Positive,1.7,16.7,9,Yes,1,Within 24h,Medium,1
Tkt-0068,2026-02-22 21:00:00,Open,Email,Tier1,4,Positive,2.1,27.5,11,Yes,1,24-48h,Medium,1
Tkt-0069,2026-02-09 04:00:00,Closed,Email,Tier2,5,Positive,7.3,15.9,11,No,0,Within 24h,Slow,1
Tkt-0070,2026-02-08 03:00:00,Closed,Email,Tech,5,Positive,6.1,14.7,10,No,0,Within 24h,Slow,1
Tkt-0071,2026-01-05 05:00:00,Pending,Email,Tier2,5,Positive,4.1,12.6,12,No,0,Within 24h,Slow,1
Tkt-0072,2026-02-20 12:00:00,Open,Email,Tier1,4,Positive,3.2,1,12,Yes,1,Within 24h,Medium,1
Tkt-0073,2026-01-11 05:00:00,Closed,Email,Tech,4,Positive,0.1,23.3,10,Yes,1,Within 24h,Fast,1
Tkt-0074,2025-12-31 08:00:00,Closed,Portal,Tech,5,Positive,1.5,7.6,10,Yes,1,Within 24h,Medium,1
Tkt-0075,2026-01-27 07:00:00,Closed,Phone,Tech,5,Positive,9,16.5,9,No,0,Within 24h,Slow,1
Tkt-0076,2026-02-27 03:00:00,Closed,Email,Tier1,5,Positive,1,1,12,Yes,1,Within 24h,Fast,1
Tkt-0077,2026-02-14 03:00:00,Open,Phone,Tier2,2,Negative,4.7,3.1,9,No,0,Within 24h,Slow,1
Tkt-0078,2025-12-22 16:00:00,Closed,Email,Escalations,3,Neutral,6.7,24,11,No,0,Within 24h,Slow,1
Tkt-0079,2025-12-08 14:00:00,Pending,Portal,Tech,5,Positive,1.1,9.7,10,Yes,1,Within 24h,Medium,1
Tkt-0080,2026-02-14 15:00:00,Closed,Portal,Tier1,5,Positive,4.7,24.1,9,No,0,24-48h,Slow,1
Tkt-0081,2026-01-04 19:00:00,Closed,Email,Tier1,5,Positive,6.5,11.9,10,No,0,Within 24h,Slow,1
Tkt-0082,2026-01-02 00:00:00,Closed,Phone,Tier2,3,Neutral,4.2,1,9,No,0,Within 24h,Slow,1
Tkt-0083,2026-01-26 08:00:00,Open,Portal,Escalations,5,Positive,11.4,19.6,11,No,0,Within 24h,Slow,1
Tkt-0084,2026-02-06 08:00:00,Closed,Portal,Tier2,5,Positive,0.1,7.8,11,Yes,1,Within 24h,Fast,1
Tkt-0085,2026-02-15 04:00:00,Closed,Phone,Tier2,5,Positive,6.8,18.1,12,No,0,Within 24h,Slow,1
Tkt-0086,2026-01-21 04:00:00,Closed,Phone,Tier1,4,Positive,3.8,12.7,12,Yes,1,Within 24h,Medium,1
Tkt-0087,2025-12-26 05:00:00,Closed,Email,Billing,1,Negative,6.1,1,11,No,0,Within 24h,Slow,1
Tkt-0088,2026-02-03 20:00:00,Closed,Portal,Tech,5,Positive,5.3,13.8,9,No,0,Within 24h,Slow,1
Tkt-0089,2026-01-12 19:00:00,Closed,Email,Tier2,4,Positive,2.4,30.1,10,Yes,1,24-48h,Medium,1
Tkt-0090,2025-12-21 08:00:00,Pending,Portal,Tech,4,Positive,4.8,16.4,11,No,0,Within 24h,Slow,1
Tkt-0091,2026-02-28 05:00:00,Closed,Phone,Escalations,5,Positive,0.1,12,11,Yes,1,Within 24h,Fast,1
Tkt-0092,2026-01-18 09:00:00,Closed,Phone,Tier1,4,Positive,5.7,21.1,9,No,0,Within 24h,Slow,1
Tkt-0093,2026-02-26 21:00:00,Closed,Phone,Tier2,5,Positive,4.9,14.2,11,No,0,Within 24h,Slow,1
Tkt-0094,2026-01-13 15:00:00,Closed,Email,Tier1,3,Neutral,5.8,14.2,11,No,0,Within 24h,Slow,1
Tkt-0095,2026-01-29 23:00:00,Closed,Email,Tech,5,Positive,6.8,3.8,9,No,0,Within 24h,Slow,1
Tkt-0096,2026-01-29 06:00:00,Closed,Email,Billing,5,Positive,5.1,14.4,11,No,0,Within 24h,Slow,1
Tkt-0097,2026-02-18 22:00:00,Closed,Email,Billing,2,Negative,4.6,20.8,12,No,0,Within 24h,Slow,1
Tkt-0098,2025-12-28 22:00:00,Open,Portal,Tech,1,Negative,2,5.8,12,Yes,1,Within 24h,Medium,1
Tkt-0099,2025-12-22 20:00:00,Pending,Email,Tier2,4,Positive,2.4,23.9,12,Yes,1,Within 24h,Medium,1
Tkt-0100,2026-02-12 03:00:00,Open,Email,Escalations,2,Negative,7.2,11.8,12,No,0,Within 24h,Slow,1
Tkt-0101,2025-12-30 07:00:00,Closed,Portal,Tier2,5,Positive,7.8,5.4,11,No,0,Within 24h,Slow,1
Tkt-0102,2026-02-07 16:00:00,Closed,Portal,Tier1,5,Positive,3.6,20.5,10,Yes,1,Within 24h,Medium,1
Tkt-0103,2025-12-23 05:00:00,Closed,Portal,Billing,4,Positive,4.3,10.2,12,No,0,Within 24h,Slow,1
Tkt-0104,2026-01-05 18:00:00,Closed,Portal,Tech,4,Positive,1.9,18.6,12,Yes,1,Within 24h,Medium,1
Tkt-0105,2025-12-21 01:00:00,Closed,Email,Tier2,4,Positive,7.1,10.2,11,No,0,Within 24h,Slow,1
Tkt-0106,2025-12-02 18:00:00,Closed,Email,Tech,5,Positive,5.9,12,11,No,0,Within 24h,Slow,1
Tkt-0107,2026-01-20 12:00:00,Closed,Portal,Escalations,1,Negative,9.1,16.4,9,No,0,Within 24h,Slow,1
Tkt-0108,2025-12-05 04:00:00,Closed,Phone,Tier1,5,Positive,2,14.8,12,Yes,1,Within 24h,Medium,1
Tkt-0109,2026-01-12 10:00:00,Open,Email,Escalations,5,Positive,3.3,1,9,Yes,1,Within 24h,Medium,1
Tkt-0110,2025-12-24 10:00:00,Closed,Portal,Tier1,5,Positive,4.8,3.5,12,No,0,Within 24h,Slow,1
Tkt-0111,2026-02-13 17:00:00,Pending,Email,Tier1,3,Neutral,5.8,19.9,10,No,0,Within 24h,Slow,1
Tkt-0112,2026-01-31 22:00:00,Closed,Email,Tier1,5,Positive,3.7,11.4,11,Yes,1,Within 24h,Medium,1
Tkt-0113,2026-01-17 00:00:00,Closed,Phone,Tech,2,Negative,2,8.3,11,Yes,1,Within 24h,Medium,1
Tkt-0114,2025-12-15 07:00:00,Closed,Phone,Billing,3,Neutral,6.4,1.6,9,No,0,Within 24h,Slow,1
Tkt-0115,2026-01-30 06:00:00,Closed,Phone,Tier1,5,Positive,6,3.9,9,No,0,Within 24h,Slow,1
Tkt-0116,2026-02-01 00:00:00,Closed,Email,Tier2,5,Positive,1.9,1,11,Yes,1,Within 24h,Medium,1
Tkt-0117,2026-02-19 02:00:00,Pending,Portal,Billing,1,Negative,7.6,11.7,11,No,0,Within 24h,Slow,1
Tkt-0118,2025-12-10 23:00:00,Closed,Email,Tier1,3,Neutral,7.1,7.7,11,No,0,Within 24h,Slow,1
Tkt-0119,2026-01-30 22:00:00,Closed,Email,Tech,3,Neutral,4.5,4.8,12,No,0,Within 24h,Slow,1
Tkt-0120,2026-02-24 14:00:00,Closed,Portal,Tech,4,Positive,4.4,12,12,No,0,Within 24h,Slow,1
Tkt-0121,2026-02-19 08:00:00,Closed,Portal,Tier2,3,Neutral,5.6,15.4,10,No,0,Within 24h,Slow,1
Tkt-0122,2026-01-29 16:00:00,Closed,Portal,Escalations,2,Negative,2,29.2,12,Yes,1,24-48h,Medium,1
Tkt-0123,2025-12-05 09:00:00,Pending,Portal,Tier2,4,Positive,4.3,1,11,No,0,Within 24h,Slow,1
Tkt-0124,2026-02-01 07:00:00,Closed,Phone,Escalations,5,Positive,0.1,21.8,12,Yes,1,Within 24h,Fast,1
Tkt-0125,2026-02-12 01:00:00,Closed,Phone,Billing,5,Positive,6.4,20.3,9,No,0,Within 24h,Slow,1
Tkt-0126,2025-12-17 06:00:00,Closed,Email,Billing,5,Positive,0.3,6.3,11,Yes,1,Within 24h,Fast,1
Tkt-0127,2025-12-30 17:00:00,Closed,Email,Tier1,2,Negative,8,14.1,12,No,0,Within 24h,Slow,1
Tkt-0128,2025-12-30 11:00:00,Open,Email,Tech,5,Positive,3.4,8.8,11,Yes,1,Within 24h,Medium,1
Tkt-0129,2026-02-04 21:00:00,Closed,Email,Tier2,5,Positive,3.7,14,9,Yes,1,Within 24h,Medium,1
Tkt-0130,2026-02-16 03:00:00,Closed,Phone,Tier1,5,Positive,2.6,24.6,9,Yes,1,24-48h,Medium,1
Tkt-0131,2026-01-04 13:00:00,Closed,Phone,Tier1,5,Positive,3.5,17.3,12,Yes,1,Within 24h,Medium,1
Tkt-0132,2026-01-05 11:00:00,Pending,Email,Billing,5,Positive,7.7,16.6,11,No,0,Within 24h,Slow,1
Tkt-0133,2025-12-31 01:00:00,Closed,Email,Tier2,4,Positive,0.1,9.1,10,Yes,1,Within 24h,Fast,1
Tkt-0134,2026-02-22 03:00:00,Closed,Phone,Billing,3,Neutral,7.4,1,9,No,0,Within 24h,Slow,1
Tkt-0135,2025-12-07 04:00:00,Closed,Email,Tech,5,Positive,5,10.8,10,No,0,Within 24h,Slow,1
Tkt-0136,2026-02-16 23:00:00,Closed,Portal,Tier1,5,Positive,1.2,22.2,12,Yes,1,Within 24h,Medium,1
Tkt-0137,2026-01-08 01:00:00,Closed,Phone,Billing,5,Positive,1.5,1,9,Yes,1,Within 24h,Medium,1
Tkt-0138,2026-01-16 21:00:00,Closed,Phone,Tier1,4,Positive,8.4,4.1,10,No,0,Within 24h,Slow,1
Tkt-0139,2026-01-28 18:00:00,Closed,Phone,Tech,2,Negative,1.8,13.5,9,Yes,1,Within 24h,Medium,1
Tkt-0140,2026-02-04 07:00:00,Closed,Portal,Tech,4,Positive,1.3,4.6,10,Yes,1,Within 24h,Medium,1
Tkt-0141,2026-01-02 20:00:00,Closed,Email,Tier2,5,Positive,7,6.2,11,No,0,Within 24h,Slow,1
Tkt-0142,2026-01-05 19:00:00,Closed,Phone,Billing,5,Positive,5,9.1,11,No,0,Within 24h,Slow,1
Tkt-0143,2026-01-24 10:00:00,Closed,Phone,Tier2,4,Positive,1.9,1.6,12,Yes,1,Within 24h,Medium,1
Tkt-0144,2026-01-28 22:00:00,Closed,Email,Tier2,4,Positive,4.7,4.7,9,No,0,Within 24h,Slow,1
Tkt-0145,2026-01-03 07:00:00,Open,Portal,Tech,4,Positive,1.6,18.1,10,Yes,1,Within 24h,Medium,1
Tkt-0146,2026-02-16 23:00:00,Closed,Portal,Tier2,5,Positive,7,2,12,No,0,Within 24h,Slow,1
Tkt-0147,2025-12-07 07:00:00,Closed,Phone,Tier2,5,Positive,6.9,1,11,No,0,Within 24h,Slow,1
Tkt-0148,2026-02-27 22:00:00,Open,Portal,Tier2,5,Positive,5.5,7.5,11,No,0,Within 24h,Slow,1
Tkt-0149,2026-01-29 19:00:00,Closed,Portal,Tech,4,Positive,5.1,18.4,12,No,0,Within 24h,Slow,1
Tkt-0150,2026-01-07 09:00:00,Closed,Phone,Tier2,5,Positive,8.6,10.9,9,No,0,Within 24h,Slow,1
Tkt-0151,2025-12-29 18:00:00,Closed,Portal,Tier1,3,Neutral,4.2,8.8,10,No,0,Within 24h,Slow,1
Tkt-0152,2026-01-08 23:00:00,Pending,Phone,Billing,5,Positive,1.2,12.9,11,Yes,1,Within 24h,Medium,1
Tkt-0153,2026-02-07 12:00:00,Closed,Phone,Tech,4,Positive,5.3,1,12,No,0,Within 24h,Slow,1
Tkt-0154,2026-02-28 12:00:00,Closed,Phone,Tier1,4,Positive,9.4,16.5,11,No,0,Within 24h,Slow,1
Tkt-0155,2026-01-26 10:00:00,Closed,Portal,Tier1,5,Positive,1.7,15.6,11,Yes,1,Within 24h,Medium,1
Tkt-0156,2026-01-23 11:00:00,Closed,Email,Tier1,5,Positive,3.3,9.2,10,Yes,1,Within 24h,Medium,1
Tkt-0157,2025-12-01 01:00:00,Closed,Portal,Tier2,2,Negative,5.2,20.5,9,No,0,Within 24h,Slow,1
Tkt-0158,2025-12-19 03:00:00,Closed,Portal,Tier2,5,Positive,4.1,3.5,9,No,0,Within 24h,Slow,1
Tkt-0159,2025-12-28 20:00:00,Closed,Email,Billing,4,Positive,1.7,21.5,10,Yes,1,Within 24h,Medium,1
Tkt-0160,2026-02-04 15:00:00,Closed,Portal,Billing,4,Positive,7,13.7,12,No,0,Within 24h,Slow,1
Tkt-0161,2026-02-01 23:00:00,Closed,Email,Billing,1,Negative,10,9.8,12,No,0,Within 24h,Slow,1
Tkt-0162,2025-12-16 01:00:00,Closed,Email,Tier2,4,Positive,4.7,12.3,9,No,0,Within 24h,Slow,1
Tkt-0163,2025-12-21 23:00:00,Closed,Phone,Tech,4,Positive,1.9,11.6,11,Yes,1,Within 24h,Medium,1
Tkt-0164,2026-01-19 23:00:00,Pending,Email,Tier2,2,Negative,0.3,22.3,11,Yes,1,Within 24h,Fast,1
Tkt-0165,2026-02-22 06:00:00,Closed,Portal,Escalations,4,Positive,4.8,3.9,12,No,0,Within 24h,Slow,1
Tkt-0166,2025-12-29 08:00:00,Closed,Portal,Billing,5,Positive,7,6.4,10,No,0,Within 24h,Slow,1
Tkt-0167,2025-12-23 19:00:00,Pending,Phone,Tier1,2,Negative,5.4,20.8,11,No,0,Within 24h,Slow,1
Tkt-0168,2026-02-21 08:00:00,Open,Email,Billing,5,Positive,4.2,7.7,12,No,0,Within 24h,Slow,1
Tkt-0169,2026-02-18 19:00:00,Closed,Email,Tier2,4,Positive,2.7,19.7,10,Yes,1,Within 24h,Medium,1
Tkt-0170,2026-02-20 05:00:00,Closed,Phone,Billing,5,Positive,1.5,26.1,9,Yes,1,24-48h,Medium,1
Tkt-0171,2026-02-20 03:00:00,Open,Portal,Tier1,4,Positive,6.3,9.3,10,No,0,Within 24h,Slow,1
Tkt-0172,2026-01-29 12:00:00,Closed,Phone,Tier1,3,Neutral,6.5,18,9,No,0,Within 24h,Slow,1
Tkt-0173,2026-02-13 06:00:00,Closed,Email,Tech,3,Neutral,0.3,3.3,12,Yes,1,Within 24h,Fast,1
Tkt-0174,2026-01-28 06:00:00,Closed,Phone,Tier1,2,Negative,8.2,18.5,10,No,0,Within 24h,Slow,1
Tkt-0175,2025-12-14 23:00:00,Pending,Phone,Tech,3,Neutral,5.6,14.1,12,No,0,Within 24h,Slow,1
Tkt-0176,2025-12-11 22:00:00,Closed,Portal,Tier1,5,Positive,7.7,16.3,9,No,0,Within 24h,Slow,1
Tkt-0177,2026-01-06 03:00:00,Closed,Email,Billing,5,Positive,0.8,7.3,11,Yes,1,Within 24h,Fast,1
Tkt-0178,2025-12-16 06:00:00,Closed,Portal,Billing,5,Positive,0.8,1,11,Yes,1,Within 24h,Fast,1
Tkt-0179,2025-12-24 14:00:00,Pending,Phone,Tier2,5,Positive,3.8,16.5,9,Yes,1,Within 24h,Medium,1
Tkt-0180,2026-01-26 18:00:00,Closed,Portal,Tier2,2,Negative,5.5,1,11,No,0,Within 24h,Slow,1
Tkt-0181,2025-12-05 02:00:00,Pending,Email,Tier1,4,Positive,8.7,10,11,No,0,Within 24h,Slow,1
Tkt-0182,2026-01-19 17:00:00,Closed,Phone,Tier1,4,Positive,6,20,10,No,0,Within 24h,Slow,1
Tkt-0183,2026-01-26 12:00:00,Closed,Portal,Tier2,3,Neutral,3.6,14,10,Yes,1,Within 24h,Medium,1
Tkt-0184,2026-02-12 03:00:00,Closed,Email,Billing,4,Positive,1.6,28.1,11,Yes,1,24-48h,Medium,1
Tkt-0185,2025-12-08 15:00:00,Closed,Portal,Escalations,4,Positive,7.3,20.7,10,No,0,Within 24h,Slow,1
Tkt-0186,2026-01-01 14:00:00,Closed,Phone,Tech,4,Positive,1.8,7.3,9,Yes,1,Within 24h,Medium,1
Tkt-0187,2026-02-20 00:00:00,Closed,Email,Tech,4,Positive,8.3,12.7,10,No,0,Within 24h,Slow,1
Tkt-0188,2026-01-01 05:00:00,Closed,Email,Tech,5,Positive,3.5,12.1,10,Yes,1,Within 24h,Medium,1
Tkt-0189,2025-12-18 21:00:00,Closed,Phone,Billing,5,Positive,8.2,1,10,No,0,Within 24h,Slow,1
Tkt-0190,2026-02-19 07:00:00,Pending,Email,Tier1,4,Positive,5.9,5,12,No,0,Within 24h,Slow,1
Tkt-0191,2026-02-01 08:00:00,Closed,Phone,Escalations,5,Positive,3.9,8,9,Yes,1,Within 24h,Medium,1
Tkt-0192,2026-01-26 20:00:00,Closed,Email,Billing,5,Positive,2.9,1,11,Yes,1,Within 24h,Medium,1
Tkt-0193,2026-01-15 22:00:00,Closed,Phone,Billing,4,Positive,3.3,12.9,11,Yes,1,Within 24h,Medium,1
Tkt-0194,2026-01-28 13:00:00,Closed,Email,Tier1,4,Positive,5.3,10.5,12,No,0,Within 24h,Slow,1
Tkt-0195,2026-01-23 19:00:00,Closed,Portal,Tier2,4,Positive,4.4,1,10,No,0,Within 24h,Slow,1
Tkt-0196,2026-01-03 07:00:00,Closed,Portal,Tier2,5,Positive,2.7,15.7,9,Yes,1,Within 24h,Medium,1
Tkt-0197,2026-01-21 05:00:00,Closed,Portal,Tech,5,Positive,3.8,18.2,9,Yes,1,Within 24h,Medium,1
Tkt-0198,2025-12-07 08:00:00,Closed,Phone,Tier2,2,Negative,4.4,14.3,11,No,0,Within 24h,Slow,1
Tkt-0199,2026-02-27 03:00:00,Closed,Email,Tier2,4,Positive,0.1,9.9,12,Yes,1,Within 24h,Fast,1
Tkt-0200,2025-12-20 15:00:00,Closed,Portal,Escalations,5,Positive,5.3,17.2,12,No,0,Within 24h,Slow,1
Tkt-0201,2025-12-06 21:00:00,Pending,Email,Tier1,4,Positive,1.8,17.9,12,Yes,1,Within 24h,Medium,1
Tkt-0202,2026-02-11 16:00:00,Pending,Email,Tier2,3,Neutral,1.3,15,12,Yes,1,Within 24h,Medium,1
Tkt-0203,2026-02-14 21:00:00,Closed,Email,Tier1,5,Positive,0.1,5.9,9,Yes,1,Within 24h,Fast,1
Tkt-0204,2025-12-20 20:00:00,Closed,Phone,Billing,5,Positive,0.1,14.7,10,Yes,1,Within 24h,Fast,1
Tkt-0205,2026-01-25 15:00:00,Open,Portal,Escalations,5,Positive,0.8,22.1,11,Yes,1,Within 24h,Fast,1
Tkt-0206,2025-12-13 18:00:00,Pending,Phone,Tier1,5,Positive,2.4,7.7,9,Yes,1,Within 24h,Medium,1
Tkt-0207,2026-01-16 18:00:00,Closed,Phone,Tech,5,Positive,9.1,29.3,12,No,0,24-48h,Slow,1
Tkt-0208,2025-12-03 04:00:00,Open,Email,Tier1,4,Positive,2.9,8.3,12,Yes,1,Within 24h,Medium,1
Tkt-0209,2026-01-26 08:00:00,Pending,Portal,Escalations,5,Positive,4.6,12.8,11,No,0,Within 24h,Slow,1
Tkt-0210,2025-12-28 16:00:00,Closed,Phone,Tech,3,Neutral,5.2,7.1,10,No,0,Within 24h,Slow,1
Tkt-0211,2026-02-22 22:00:00,Closed,Phone,Tech,5,Positive,4.5,14.3,10,No,0,Within 24h,Slow,1
Tkt-0212,2025-12-09 11:00:00,Closed,Email,Tier1,3,Neutral,4,1,10,No,0,Within 24h,Medium,1
Tkt-0213,2026-01-24 23:00:00,Closed,Portal,Escalations,5,Positive,1.2,8.1,12,Yes,1,Within 24h,Medium,1
Tkt-0214,2026-02-28 14:00:00,Closed,Phone,Billing,3,Neutral,7.8,3.8,9,No,0,Within 24h,Slow,1
Tkt-0215,2026-02-12 04:00:00,Closed,Email,Tier2,2,Negative,8.7,13.6,9,No,0,Within 24h,Slow,1
Tkt-0216,2026-01-26 19:00:00,Closed,Email,Tech,3,Neutral,0.1,20.5,10,Yes,1,Within 24h,Fast,1
Tkt-0217,2026-01-03 07:00:00,Closed,Phone,Tier1,1,Negative,1.6,17.7,11,Yes,1,Within 24h,Medium,1
Tkt-0218,2026-01-05 07:00:00,Closed,Phone,Tech,5,Positive,3.5,1,10,Yes,1,Within 24h,Medium,1
Tkt-0219,2026-02-27 21:00:00,Closed,Email,Tier1,5,Positive,1.8,28.8,10,Yes,1,24-48h,Medium,1
Tkt-0220,2026-02-19 02:00:00,Closed,Portal,Billing,4,Positive,5.5,14.9,11,No,0,Within 24h,Slow,1
Tkt-0221,2026-02-09 07:00:00,Closed,Email,Tier2,3,Neutral,2.4,6.3,10,Yes,1,Within 24h,Medium,1
Tkt-0222,2026-02-24 13:00:00,Pending,Phone,Tier1,2,Negative,9.6,13.8,11,No,0,Within 24h,Slow,1
Tkt-0223,2025-12-16 07:00:00,Closed,Portal,Tier1,1,Negative,7.2,13.9,11,No,0,Within 24h,Slow,1
Tkt-0224,2026-02-10 11:00:00,Closed,Phone,Tier1,3,Neutral,4.7,7.2,9,No,0,Within 24h,Slow,1
Tkt-0225,2026-02-12 23:00:00,Closed,Phone,Tier2,5,Positive,6.8,14.1,11,No,0,Within 24h,Slow,1
Tkt-0226,2026-01-20 13:00:00,Closed,Email,Tier2,3,Neutral,7,7.6,10,No,0,Within 24h,Slow,1
Tkt-0227,2026-02-23 13:00:00,Closed,Email,Billing,4,Positive,2.8,9.3,11,Yes,1,Within 24h,Medium,1
Tkt-0228,2026-02-02 03:00:00,Closed,Portal,Tier1,2,Negative,2.2,7,10,Yes,1,Within 24h,Medium,1
Tkt-0229,2026-01-28 03:00:00,Closed,Email,Tier1,3,Neutral,4.4,1,11,No,0,Within 24h,Slow,1
Tkt-0230,2026-02-15 13:00:00,Closed,Portal,Billing,4,Positive,6.4,13.7,9,No,0,Within 24h,Slow,1
Tkt-0231,2025-12-19 11:00:00,Closed,Email,Tier1,5,Positive,4.5,17.2,10,No,0,Within 24h,Slow,1
Tkt-0232,2025-12-11 01:00:00,Closed,Email,Escalations,3,Neutral,0.3,16.6,10,Yes,1,Within 24h,Fast,1
Tkt-0233,2026-02-09 17:00:00,Closed,Email,Tech,2,Negative,2.2,19.1,10,Yes,1,Within 24h,Medium,1
Tkt-0234,2026-02-08 19:00:00,Pending,Phone,Billing,4,Positive,4,15.1,11,No,0,Within 24h,Medium,1
Tkt-0235,2026-01-08 00:00:00,Closed,Email,Billing,3,Neutral,4,8.2,9,No,0,Within 24h,Medium,1
Tkt-0236,2026-02-06 01:00:00,Closed,Portal,Tech,3,Neutral,9.1,19.2,9,No,0,Within 24h,Slow,1
Tkt-0237,2026-01-17 11:00:00,Open,Phone,Tier1,5,Positive,0.7,1.6,9,Yes,1,Within 24h,Fast,1
Tkt-0238,2025-12-05 01:00:00,Closed,Portal,Tier1,5,Positive,5.5,5.3,9,No,0,Within 24h,Slow,1
Tkt-0239,2026-01-28 16:00:00,Pending,Email,Tier1,5,Positive,7.9,4.8,11,No,0,Within 24h,Slow,1
Tkt-0240,2026-02-08 02:00:00,Closed,Portal,Tech,4,Positive,9.9,21.1,10,No,0,Within 24h,Slow,1
Tkt-0241,2026-02-15 12:00:00,Closed,Portal,Tier1,4,Positive,3.2,20,12,Yes,1,Within 24h,Medium,1
Tkt-0242,2026-02-24 09:00:00,Closed,Portal,Billing,4,Positive,5.4,16.4,9,No,0,Within 24h,Slow,1
Tkt-0243,2026-01-31 18:00:00,Closed,Portal,Escalations,5,Positive,5.6,21.1,12,No,0,Within 24h,Slow,1
Tkt-0244,2026-01-01 13:00:00,Open,Portal,Tech,5,Positive,4.7,5.5,11,No,0,Within 24h,Slow,1
Tkt-0245,2026-01-20 17:00:00,Closed,Phone,Tier2,3,Neutral,4,15.3,11,No,0,Within 24h,Medium,1
Tkt-0246,2026-02-01 00:00:00,Closed,Email,Tier1,4,Positive,5.3,11.5,12,No,0,Within 24h,Slow,1
Tkt-0247,2025-12-06 18:00:00,Closed,Email,Tech,4,Positive,0.1,19.3,10,Yes,1,Within 24h,Fast,1
Tkt-0248,2026-01-08 14:00:00,Closed,Portal,Billing,5,Positive,5.9,11.6,12,No,0,Within 24h,Slow,1
Tkt-0249,2026-01-24 22:00:00,Closed,Phone,Tier1,5,Positive,4.5,9.4,11,No,0,Within 24h,Slow,1
Tkt-0250,2026-01-24 13:00:00,Closed,Portal,Tier1,4,Positive,3.6,16.8,12,Yes,1,Within 24h,Medium,1
Tkt-0251,2025-12-08 08:00:00,Closed,Phone,Escalations,2,Negative,9.3,19.5,9,No,0,Within 24h,Slow,1
Tkt-0252,2026-01-08 03:00:00,Closed,Email,Billing,5,Positive,2.5,7.2,9,Yes,1,Within 24h,Medium,1
Tkt-0253,2025-12-22 14:00:00,Closed,Email,Tech,2,Negative,3.2,12,10,Yes,1,Within 24h,Medium,1
Tkt-0254,2026-02-25 21:00:00,Pending,Phone,Tech,4,Positive,9.2,4,12,No,0,Within 24h,Slow,1
Tkt-0255,2026-01-26 19:00:00,Closed,Phone,Billing,3,Neutral,2.1,1,12,Yes,1,Within 24h,Medium,1
Tkt-0256,2025-12-16 16:00:00,Closed,Email,Tier2,5,Positive,2.8,14.1,12,Yes,1,Within 24h,Medium,1
Tkt-0257,2026-02-24 21:00:00,Closed,Phone,Tier2,3,Neutral,3.8,17.4,12,Yes,1,Within 24h,Medium,1
Tkt-0258,2025-12-14 11:00:00,Closed,Email,Tier2,4,Positive,6.3,14.6,10,No,0,Within 24h,Slow,1
Tkt-0259,2026-01-15 01:00:00,Pending,Phone,Tier2,5,Positive,4.7,1,11,No,0,Within 24h,Slow,1
Tkt-0260,2026-01-19 11:00:00,Closed,Email,Tech,3,Neutral,1,9.7,10,Yes,1,Within 24h,Fast,1
Tkt-0261,2025-12-13 08:00:00,Closed,Portal,Billing,4,Positive,2.9,1,11,Yes,1,Within 24h,Medium,1
Tkt-0262,2026-02-14 12:00:00,Pending,Email,Tech,4,Positive,2.7,23.5,11,Yes,1,Within 24h,Medium,1
Tkt-0263,2025-12-17 18:00:00,Closed,Phone,Tier2,1,Negative,4,3.8,11,No,0,Within 24h,Medium,1
Tkt-0264,2026-01-27 23:00:00,Closed,Email,Billing,5,Positive,5.3,22.5,12,No,0,Within 24h,Slow,1
Tkt-0265,2026-01-05 00:00:00,Closed,Email,Billing,2,Negative,5.2,20.1,10,No,0,Within 24h,Slow,1
Tkt-0266,2025-12-24 07:00:00,Closed,Email,Billing,4,Positive,0.1,5.3,11,Yes,1,Within 24h,Fast,1
Tkt-0267,2025-12-03 01:00:00,Closed,Phone,Billing,5,Positive,6.9,3.4,9,No,0,Within 24h,Slow,1
Tkt-0268,2025-12-05 18:00:00,Closed,Phone,Tier1,5,Positive,4.8,15.3,11,No,0,Within 24h,Slow,1
Tkt-0269,2026-01-13 11:00:00,Closed,Email,Tier2,5,Positive,7.7,5.7,10,No,0,Within 24h,Slow,1
Tkt-0270,2026-02-20 03:00:00,Closed,Phone,Tier1,4,Positive,5.3,13.3,12,No,0,Within 24h,Slow,1
Tkt-0271,2026-01-17 05:00:00,Closed,Portal,Tier2,1,Negative,7,8.6,9,No,0,Within 24h,Slow,1
Tkt-0272,2026-01-19 03:00:00,Closed,Portal,Tier2,5,Positive,5.4,1,11,No,0,Within 24h,Slow,1
Tkt-0273,2026-02-13 01:00:00,Closed,Email,Billing,4,Positive,7.6,1,12,No,0,Within 24h,Slow,1
Tkt-0274,2026-01-21 08:00:00,Closed,Phone,Escalations,5,Positive,5.5,14.3,10,No,0,Within 24h,Slow,1
Tkt-0275,2026-01-20 03:00:00,Closed,Email,Billing,5,Positive,4,8,10,No,0,Within 24h,Medium,1
Tkt-0276,2026-01-07 14:00:00,Closed,Email,Billing,5,Positive,9.9,8.1,9,No,0,Within 24h,Slow,1
Tkt-0277,2026-01-08 02:00:00,Closed,Portal,Tier2,4,Positive,6.4,18.1,9,No,0,Within 24h,Slow,1
Tkt-0278,2026-01-22 07:00:00,Closed,Email,Billing,4,Positive,5.6,21.9,11,No,0,Within 24h,Slow,1
Tkt-0279,2026-02-12 18:00:00,Closed,Phone,Tier1,5,Positive,1,10.3,12,Yes,1,Within 24h,Fast,1
Tkt-0280,2026-01-06 03:00:00,Closed,Phone,Tier1,4,Positive,1,9.8,12,Yes,1,Within 24h,Fast,1
Tkt-0281,2026-01-11 03:00:00,Closed,Phone,Tier2,3,Neutral,4.9,16.5,10,No,0,Within 24h,Slow,1
Tkt-0282,2026-02-06 05:00:00,Closed,Phone,Tier2,5,Positive,4.6,1.6,10,No,0,Within 24h,Slow,1
Tkt-0283,2025-12-18 15:00:00,Pending,Email,Tier1,5,Positive,2.7,14.3,11,Yes,1,Within 24h,Medium,1
Tkt-0284,2026-01-08 07:00:00,Closed,Email,Tier1,4,Positive,4.6,16.9,11,No,0,Within 24h,Slow,1
Tkt-0285,2026-02-28 15:00:00,Open,Phone,Tier1,2,Negative,8.2,17.9,10,No,0,Within 24h,Slow,1
Tkt-0286,2026-01-23 18:00:00,Closed,Email,Escalations,4,Positive,5.9,1,10,No,0,Within 24h,Slow,1
Tkt-0287,2026-01-04 06:00:00,Closed,Email,Tier2,5,Positive,1.3,6.4,12,Yes,1,Within 24h,Medium,1
Tkt-0288,2025-12-13 04:00:00,Closed,Email,Tier2,5,Positive,3.9,5.5,12,Yes,1,Within 24h,Medium,1
Tkt-0289,2026-01-18 10:00:00,Closed,Email,Tier1,3,Neutral,2.2,13.3,12,Yes,1,Within 24h,Medium,1
Tkt-0290,2026-01-03 10:00:00,Open,Email,Billing,2,Negative,3.2,16.3,11,Yes,1,Within 24h,Medium,1
Tkt-0291,2025-12-04 18:00:00,Open,Email,Tier1,5,Positive,3.2,24.5,12,Yes,1,24-48h,Medium,1
Tkt-0292,2025-12-25 09:00:00,Closed,Phone,Tier1,4,Positive,3,8.5,9,Yes,1,Within 24h,Medium,1
Tkt-0293,2026-02-07 03:00:00,Closed,Phone,Tier2,4,Positive,1.1,8.5,9,Yes,1,Within 24h,Medium,1
Tkt-0294,2026-02-18 15:00:00,Pending,Portal,Tier1,5,Positive,3.9,21.7,12,Yes,1,Within 24h,Medium,1
Tkt-0295,2025-12-25 03:00:00,Closed,Email,Tier1,2,Negative,2.8,14.9,12,Yes,1,Within 24h,Medium,1
Tkt-0296,2025-12-09 05:00:00,Closed,Email,Tier1,5,Positive,0.1,22.6,10,Yes,1,Within 24h,Fast,1
Tkt-0297,2026-01-17 22:00:00,Closed,Email,Tier1,2,Negative,9.3,14.8,10,No,0,Within 24h,Slow,1
Tkt-0298,2026-01-29 03:00:00,Closed,Phone,Tier1,4,Positive,6.9,3.2,11,No,0,Within 24h,Slow,1
Tkt-0299,2026-01-20 17:00:00,Pending,Phone,Tier2,5,Positive,3.3,1.8,9,Yes,1,Within 24h,Medium,1
Tkt-0300,2026-02-03 20:00:00,Open,Email,Tech,4,Positive,4.2,1,9,No,0,Within 24h,Slow,1
Tkt-0301,2026-02-25 23:00:00,Closed,Portal,Billing,5,Positive,1.3,17.8,11,Yes,1,Within 24h,Medium,1
Tkt-0302,2026-01-28 09:00:00,Closed,Email,Tier2,5,Positive,8.4,22,12,No,0,Within 24h,Slow,1
Tkt-0303,2025-12-12 22:00:00,Closed,Phone,Tier1,4,Positive,8.9,27.3,12,No,0,24-48h,Slow,1
Tkt-0304,2026-01-01 11:00:00,Closed,Phone,Escalations,3,Neutral,4.6,19.2,11,No,0,Within 24h,Slow,1
Tkt-0305,2025-12-10 06:00:00,Closed,Portal,Tier2,4,Positive,6.8,21.8,9,No,0,Within 24h,Slow,1
Tkt-0306,2026-02-04 02:00:00,Closed,Phone,Tier1,4,Positive,4.6,7.9,9,No,0,Within 24h,Slow,1
Tkt-0307,2025-12-01 12:00:00,Closed,Portal,Billing,2,Negative,0.9,3.2,12,Yes,1,Within 24h,Fast,1
Tkt-0308,2025-12-27 12:00:00,Closed,Email,Tier1,4,Positive,3.2,19.3,10,Yes,1,Within 24h,Medium,1
Tkt-0309,2026-01-28 20:00:00,Closed,Portal,Tier2,4,Positive,4.5,15.8,11,No,0,Within 24h,Slow,1
Tkt-0310,2025-12-07 02:00:00,Closed,Email,Tier2,5,Positive,3.1,13.4,11,Yes,1,Within 24h,Medium,1
Tkt-0311,2026-02-28 21:00:00,Open,Portal,Tech,5,Positive,3.7,15.6,12,Yes,1,Within 24h,Medium,1
Tkt-0312,2026-01-05 17:00:00,Open,Phone,Tier2,5,Positive,4,15.1,11,No,0,Within 24h,Medium,1
Tkt-0313,2026-02-06 02:00:00,Closed,Portal,Billing,1,Negative,4,22.8,9,No,0,Within 24h,Medium,1
Tkt-0314,2025-12-24 10:00:00,Closed,Phone,Escalations,3,Neutral,4.3,22.9,12,No,0,Within 24h,Slow,1
Tkt-0315,2026-02-22 07:00:00,Closed,Phone,Tier1,5,Positive,1.5,16.9,9,Yes,1,Within 24h,Medium,1
Tkt-0316,2026-01-28 21:00:00,Closed,Phone,Tier1,4,Positive,2.4,19.3,10,Yes,1,Within 24h,Medium,1
Tkt-0317,2026-01-01 20:00:00,Pending,Phone,Tier2,1,Negative,1,16.6,11,Yes,1,Within 24h,Fast,1
Tkt-0318,2025-12-31 03:00:00,Pending,Email,Tier2,5,Positive,6.6,8.8,11,No,0,Within 24h,Slow,1
Tkt-0319,2025-12-23 07:00:00,Closed,Email,Tier2,5,Positive,0.1,18.6,9,Yes,1,Within 24h,Fast,1
Tkt-0320,2025-12-14 14:00:00,Closed,Email,Escalations,4,Positive,7.1,1.3,12,No,0,Within 24h,Slow,1
Tkt-0321,2026-01-03 05:00:00,Closed,Email,Billing,2,Negative,7.7,20.9,12,No,0,Within 24h,Slow,1
Tkt-0322,2025-12-26 11:00:00,Closed,Portal,Billing,5,Positive,3.4,2.9,11,Yes,1,Within 24h,Medium,1
Tkt-0323,2025-12-20 10:00:00,Closed,Email,Tier2,5,Positive,0.1,14.8,9,Yes,1,Within 24h,Fast,1
Tkt-0324,2026-02-08 01:00:00,Closed,Portal,Tech,5,Positive,3.3,5.7,10,Yes,1,Within 24h,Medium,1
Tkt-0325,2025-12-30 10:00:00,Closed,Email,Escalations,5,Positive,4,16.9,9,No,0,Within 24h,Medium,1
Tkt-0326,2026-01-26 17:00:00,Closed,Email,Tech,5,Positive,1.7,12.2,12,Yes,1,Within 24h,Medium,1
Tkt-0327,2025-12-09 16:00:00,Closed,Portal,Tier1,4,Positive,2.9,1,11,Yes,1,Within 24h,Medium,1
Tkt-0328,2025-12-24 09:00:00,Closed,Phone,Billing,3,Neutral,8,15.9,11,No,0,Within 24h,Slow,1
Tkt-0329,2025-12-10 17:00:00,Closed,Phone,Tier1,5,Positive,5.9,7.9,11,No,0,Within 24h,Slow,1
Tkt-0330,2026-01-24 10:00:00,Closed,Phone,Tier1,5,Positive,1.9,19.5,10,Yes,1,Within 24h,Medium,1
Tkt-0331,2026-02-19 02:00:00,Closed,Phone,Tier1,5,Positive,0.2,12.5,10,Yes,1,Within 24h,Fast,1
Tkt-0332,2026-01-23 17:00:00,Open,Email,Billing,3,Neutral,3.4,15.7,12,Yes,1,Within 24h,Medium,1
Tkt-0333,2026-01-25 14:00:00,Pending,Portal,Billing,3,Neutral,3.7,4.8,9,Yes,1,Within 24h,Medium,1
Tkt-0334,2026-01-19 07:00:00,Open,Portal,Tier1,5,Positive,5.4,7.8,9,No,0,Within 24h,Slow,1
Tkt-0335,2026-02-18 20:00:00,Open,Phone,Tier2,5,Positive,2.9,8.8,9,Yes,1,Within 24h,Medium,1
Tkt-0336,2026-02-09 17:00:00,Closed,Email,Tier2,5,Positive,5.5,19.4,10,No,0,Within 24h,Slow,1
Tkt-0337,2026-01-10 02:00:00,Closed,Phone,Tier2,5,Positive,9,25.9,11,No,0,24-48h,Slow,1
Tkt-0338,2026-02-09 02:00:00,Closed,Email,Tier1,5,Positive,6.2,6.1,12,No,0,Within 24h,Slow,1
Tkt-0339,2026-02-01 22:00:00,Pending,Email,Tier2,5,Positive,4.1,21.1,12,No,0,Within 24h,Slow,1
Tkt-0340,2026-01-06 11:00:00,Closed,Email,Tech,5,Positive,3.7,1,10,Yes,1,Within 24h,Medium,1
Tkt-0341,2026-01-17 07:00:00,Closed,Phone,Tier1,5,Positive,3.3,2.9,10,Yes,1,Within 24h,Medium,1
Tkt-0342,2025-12-31 11:00:00,Pending,Portal,Tier1,5,Positive,7.2,4.8,11,No,0,Within 24h,Slow,1
Tkt-0343,2026-02-21 18:00:00,Closed,Phone,Tier2,3,Neutral,2.6,1.7,11,Yes,1,Within 24h,Medium,1
Tkt-0344,2026-01-06 12:00:00,Closed,Phone,Escalations,4,Positive,4.3,1,10,No,0,Within 24h,Slow,1
Tkt-0345,2025-12-16 02:00:00,Closed,Phone,Billing,5,Positive,4.3,15.8,12,No,0,Within 24h,Slow,1
Tkt-0346,2026-02-26 06:00:00,Closed,Email,Billing,4,Positive,2.9,10.8,11,Yes,1,Within 24h,Medium,1
Tkt-0347,2026-01-11 09:00:00,Open,Email,Tier2,3,Neutral,0.8,15.5,11,Yes,1,Within 24h,Fast,1
Tkt-0348,2026-02-28 13:00:00,Closed,Portal,Billing,4,Positive,5,18,12,No,0,Within 24h,Slow,1
Tkt-0349,2026-01-21 12:00:00,Closed,Email,Tier1,3,Neutral,4,14.6,11,No,0,Within 24h,Medium,1
Tkt-0350,2026-01-06 07:00:00,Closed,Portal,Billing,3,Neutral,5.5,17.8,12,No,0,Within 24h,Slow,1
Tkt-0351,2025-12-21 05:00:00,Closed,Phone,Escalations,4,Positive,2.9,11.9,9,Yes,1,Within 24h,Medium,1
Tkt-0352,2026-01-31 09:00:00,Closed,Phone,Billing,5,Positive,7.3,3,11,No,0,Within 24h,Slow,1
Tkt-0353,2026-01-31 16:00:00,Pending,Phone,Tech,4,Positive,2,21,11,Yes,1,Within 24h,Medium,1
Tkt-0354,2026-01-04 09:00:00,Open,Phone,Billing,3,Neutral,8.5,7.8,9,No,0,Within 24h,Slow,1
Tkt-0355,2026-02-25 12:00:00,Closed,Portal,Tier1,2,Negative,0.1,5,12,Yes,1,Within 24h,Fast,1
Tkt-0356,2026-01-16 03:00:00,Open,Portal,Escalations,5,Positive,5.3,11.1,11,No,0,Within 24h,Slow,1
Tkt-0357,2025-12-04 12:00:00,Closed,Phone,Tier1,4,Positive,5.4,5.2,9,No,0,Within 24h,Slow,1
Tkt-0358,2026-02-07 10:00:00,Closed,Email,Tier2,5,Positive,2.2,9.2,12,Yes,1,Within 24h,Medium,1
Tkt-0359,2026-02-12 05:00:00,Closed,Phone,Tier1,5,Positive,5.3,15.3,11,No,0,Within 24h,Slow,1
Tkt-0360,2025-12-23 00:00:00,Closed,Portal,Tier1,5,Positive,7.4,15.3,10,No,0,Within 24h,Slow,1
Tkt-0361,2026-01-09 06:00:00,Closed,Email,Tier2,4,Positive,0.1,5.3,9,Yes,1,Within 24h,Fast,1
Tkt-0362,2025-12-18 03:00:00,Closed,Phone,Tier1,5,Positive,5.5,8.6,12,No,0,Within 24h,Slow,1
Tkt-0363,2026-02-25 22:00:00,Closed,Phone,Tier2,4,Positive,0.1,21.1,10,Yes,1,Within 24h,Fast,1
Tkt-0364,2025-12-08 11:00:00,Closed,Phone,Billing,5,Positive,1.8,16.5,12,Yes,1,Within 24h,Medium,1
Tkt-0365,2026-02-11 10:00:00,Closed,Email,Tier1,5,Positive,8.3,29.1,10,No,0,24-48h,Slow,1
Tkt-0366,2026-02-05 23:00:00,Closed,Phone,Tier1,4,Positive,2.7,21.9,10,Yes,1,Within 24h,Medium,1
Tkt-0367,2026-01-26 12:00:00,Closed,Portal,Billing,4,Positive,1.3,21.7,9,Yes,1,Within 24h,Medium,1
Tkt-0368,2026-01-18 18:00:00,Pending,Email,Tier2,3,Neutral,3.7,1.4,9,Yes,1,Within 24h,Medium,1
Tkt-0369,2026-01-01 14:00:00,Open,Email,Billing,5,Positive,9.4,18.6,10,No,0,Within 24h,Slow,1
Tkt-0370,2026-01-16 12:00:00,Pending,Portal,Billing,3,Neutral,0.1,12.1,9,Yes,1,Within 24h,Fast,1
Tkt-0371,2026-01-24 11:00:00,Open,Email,Tech,5,Positive,1.6,8.1,12,Yes,1,Within 24h,Medium,1
Tkt-0372,2026-01-27 22:00:00,Pending,Portal,Billing,4,Positive,7.9,13.8,11,No,0,Within 24h,Slow,1
Tkt-0373,2025-12-31 00:00:00,Closed,Phone,Tier2,5,Positive,8.8,20.1,12,No,0,Within 24h,Slow,1
Tkt-0374,2025-12-21 23:00:00,Open,Email,Billing,5,Positive,3.9,16.5,10,Yes,1,Within 24h,Medium,1
Tkt-0375,2026-01-15 17:00:00,Closed,Portal,Tier1,5,Positive,1.1,5.5,12,Yes,1,Within 24h,Medium,1
Tkt-0376,2025-12-07 22:00:00,Closed,Phone,Tier2,5,Positive,9.4,18.4,10,No,0,Within 24h,Slow,1
Tkt-0377,2025-12-07 23:00:00,Open,Phone,Tech,3,Neutral,8.2,7.4,12,No,0,Within 24h,Slow,1
Tkt-0378,2026-02-25 17:00:00,Closed,Email,Tier2,2,Negative,5.9,14.2,12,No,0,Within 24h,Slow,1
Tkt-0379,2026-02-04 00:00:00,Closed,Phone,Tech,5,Positive,2.2,10.1,9,Yes,1,Within 24h,Medium,1
Tkt-0380,2025-12-11 20:00:00,Pending,Email,Tech,4,Positive,4.1,10.7,10,No,0,Within 24h,Slow,1
Tkt-0381,2026-01-29 20:00:00,Closed,Email,Tech,4,Positive,3.8,18.6,10,Yes,1,Within 24h,Medium,1
Tkt-0382,2025-12-30 03:00:00,Closed,Portal,Escalations,2,Negative,5,4.2,11,No,0,Within 24h,Slow,1
Tkt-0383,2026-02-14 06:00:00,Closed,Email,Tier2,4,Positive,7.8,28.1,12,No,0,24-48h,Slow,1
Tkt-0384,2026-02-01 10:00:00,Closed,Phone,Tier2,2,Negative,6.4,1,12,No,0,Within 24h,Slow,1
Tkt-0385,2025-12-01 16:00:00,Closed,Email,Billing,5,Positive,1.5,7.7,11,Yes,1,Within 24h,Medium,1
Tkt-0386,2026-01-12 19:00:00,Closed,Portal,Tier2,3,Neutral,7.6,15.5,10,No,0,Within 24h,Slow,1
Tkt-0387,2025-12-13 05:00:00,Pending,Email,Billing,5,Positive,5,17.2,12,No,0,Within 24h,Slow,1
Tkt-0388,2026-02-14 19:00:00,Closed,Portal,Billing,2,Negative,5.9,11.7,11,No,0,Within 24h,Slow,1
Tkt-0389,2026-01-20 21:00:00,Closed,Phone,Billing,5,Positive,7.9,12,11,No,0,Within 24h,Slow,1
Tkt-0390,2025-12-17 00:00:00,Closed,Email,Tier2,4,Positive,1.4,15.8,11,Yes,1,Within 24h,Medium,1
Tkt-0391,2026-01-20 06:00:00,Closed,Email,Tier1,5,Positive,4.1,10.7,12,No,0,Within 24h,Slow,1
Tkt-0392,2025-12-04 12:00:00,Closed,Email,Tier2,5,Positive,2.9,23.6,10,Yes,1,Within 24h,Medium,1
Tkt-0393,2026-01-09 02:00:00,Closed,Phone,Tier1,4,Positive,0.3,19.2,10,Yes,1,Within 24h,Fast,1
Tkt-0394,2026-02-03 22:00:00,Closed,Email,Tech,5,Positive,5.1,19.5,11,No,0,Within 24h,Slow,1
Tkt-0395,2025-12-15 02:00:00,Closed,Portal,Tier2,5,Positive,10.5,4.8,11,No,0,Within 24h,Slow,1
Tkt-0396,2025-12-10 17:00:00,Closed,Phone,Tier1,5,Positive,0.1,11.9,10,Yes,1,Within 24h,Fast,1
Tkt-0397,2026-02-15 02:00:00,Closed,Email,Tier1,5,Positive,4.1,10.1,11,No,0,Within 24h,Slow,1
Tkt-0398,2026-01-21 03:00:00,Closed,Phone,Billing,3,Neutral,5.8,4.5,11,No,0,Within 24h,Slow,1
Tkt-0399,2025-12-14 21:00:00,Closed,Phone,Billing,5,Positive,4.5,15.4,10,No,0,Within 24h,Slow,1
Tkt-0400,2025-12-18 23:00:00,Pending,Email,Tier2,2,Negative,3.9,8.2,12,Yes,1,Within 24h,Medium,1
Tkt-0401,2026-01-15 07:00:00,Closed,Email,Tier1,2,Negative,1,17.7,11,Yes,1,Within 24h,Fast,1
Tkt-0402,2026-01-05 03:00:00,Closed,Email,Tier2,5,Positive,4.8,3.9,12,No,0,Within 24h,Slow,1
Tkt-0403,2026-01-12 22:00:00,Closed,Phone,Tier2,4,Positive,2.3,26.3,11,Yes,1,24-48h,Medium,1
Tkt-0404,2025-12-26 04:00:00,Closed,Phone,Billing,5,Positive,0.1,5.3,11,Yes,1,Within 24h,Fast,1
Tkt-0405,2026-01-17 00:00:00,Closed,Phone,Billing,5,Positive,7.2,14.3,11,No,0,Within 24h,Slow,1
Tkt-0406,2026-01-06 09:00:00,Closed,Portal,Tier2,5,Positive,6.6,18.8,9,No,0,Within 24h,Slow,1
Tkt-0407,2026-02-15 11:00:00,Open,Portal,Tier1,5,Positive,4.3,7.9,12,No,0,Within 24h,Slow,1
Tkt-0408,2026-01-13 04:00:00,Closed,Phone,Escalations,3,Neutral,4.8,19.3,12,No,0,Within 24h,Slow,1
Tkt-0409,2026-01-01 02:00:00,Pending,Portal,Tier2,2,Negative,6.9,2.7,11,No,0,Within 24h,Slow,1
Tkt-0410,2026-02-09 11:00:00,Closed,Email,Billing,4,Positive,4.8,24.1,10,No,0,24-48h,Slow,1
Tkt-0411,2026-02-06 01:00:00,Closed,Email,Tier1,3,Neutral,6.5,12.6,11,No,0,Within 24h,Slow,1
Tkt-0412,2025-12-24 04:00:00,Closed,Email,Tier2,1,Negative,3.5,7.7,9,Yes,1,Within 24h,Medium,1
Tkt-0413,2026-01-25 05:00:00,Closed,Email,Tier1,4,Positive,7.5,10.1,11,No,0,Within 24h,Slow,1
Tkt-0414,2025-12-22 09:00:00,Closed,Phone,Tier2,5,Positive,5,19,9,No,0,Within 24h,Slow,1
Tkt-0415,2025-12-31 11:00:00,Closed,Portal,Escalations,5,Positive,4.7,7.8,11,No,0,Within 24h,Slow,1
Tkt-0416,2025-12-15 16:00:00,Closed,Email,Tier2,4,Positive,1,6.5,12,Yes,1,Within 24h,Fast,1
Tkt-0417,2026-01-18 17:00:00,Closed,Email,Tier1,5,Positive,4.9,10.7,11,No,0,Within 24h,Slow,1
Tkt-0418,2026-02-17 16:00:00,Closed,Phone,Tier1,3,Neutral,2.1,3.1,12,Yes,1,Within 24h,Medium,1
Tkt-0419,2026-01-02 17:00:00,Closed,Portal,Tier2,1,Negative,2.6,27.1,10,Yes,1,24-48h,Medium,1
Tkt-0420,2025-12-31 06:00:00,Closed,Email,Tier1,5,Positive,2.2,8,10,Yes,1,Within 24h,Medium,1
Tkt-0421,2025-12-12 03:00:00,Closed,Phone,Tier1,5,Positive,1.5,19.2,11,Yes,1,Within 24h,Medium,1
Tkt-0422,2026-01-11 14:00:00,Pending,Email,Tech,5,Positive,9.5,14.2,11,No,0,Within 24h,Slow,1
Tkt-0423,2026-02-25 09:00:00,Closed,Email,Tier2,2,Negative,7.5,4.6,10,No,0,Within 24h,Slow,1
Tkt-0424,2026-01-18 19:00:00,Open,Portal,Tier1,5,Positive,9,12.5,9,No,0,Within 24h,Slow,1
Tkt-0425,2025-12-28 18:00:00,Closed,Portal,Escalations,5,Positive,1.1,18.8,10,Yes,1,Within 24h,Medium,1
Tkt-0426,2026-01-14 16:00:00,Closed,Email,Tier1,5,Positive,4.4,11,10,No,0,Within 24h,Slow,1
Tkt-0427,2026-01-16 16:00:00,Closed,Portal,Escalations,5,Positive,1,22,9,Yes,1,Within 24h,Fast,1
Tkt-0428,2025-12-14 02:00:00,Closed,Phone,Tier2,5,Positive,2.5,20.7,10,Yes,1,Within 24h,Medium,1
Tkt-0429,2026-01-24 07:00:00,Pending,Portal,Tech,5,Positive,1.9,19.9,10,Yes,1,Within 24h,Medium,1
Tkt-0430,2026-02-27 08:00:00,Pending,Phone,Billing,5,Positive,7.3,8.8,9,No,0,Within 24h,Slow,1
Tkt-0431,2026-02-04 22:00:00,Closed,Phone,Tech,5,Positive,3.2,3.9,9,Yes,1,Within 24h,Medium,1
Tkt-0432,2026-01-29 01:00:00,Closed,Phone,Escalations,5,Positive,6.9,7.6,12,No,0,Within 24h,Slow,1
Tkt-0433,2026-01-07 09:00:00,Pending,Phone,Tier1,4,Positive,5.7,14.1,11,No,0,Within 24h,Slow,1
Tkt-0434,2025-12-19 17:00:00,Pending,Email,Escalations,5,Positive,10,16.9,12,No,0,Within 24h,Slow,1
Tkt-0435,2025-12-02 09:00:00,Closed,Email,Tier2,4,Positive,0.5,1,9,Yes,1,Within 24h,Fast,1
Tkt-0436,2025-12-08 02:00:00,Open,Email,Tier2,3,Neutral,7.3,12.4,10,No,0,Within 24h,Slow,1
Tkt-0437,2025-12-28 10:00:00,Closed,Phone,Tier2,5,Positive,7.1,13.8,9,No,0,Within 24h,Slow,1
Tkt-0438,2026-02-26 22:00:00,Closed,Email,Tier2,5,Positive,1.8,10.3,10,Yes,1,Within 24h,Medium,1
Tkt-0439,2026-01-22 17:00:00,Pending,Phone,Tier1,5,Positive,6.7,22.8,12,No,0,Within 24h,Slow,1
Tkt-0440,2026-01-08 02:00:00,Pending,Portal,Billing,4,Positive,5,15.9,12,No,0,Within 24h,Slow,1
Tkt-0441,2026-01-28 15:00:00,Closed,Email,Tier2,4,Positive,3.6,23,12,Yes,1,Within 24h,Medium,1
Tkt-0442,2025-12-06 06:00:00,Closed,Phone,Tech,3,Neutral,2.1,10.8,10,Yes,1,Within 24h,Medium,1
Tkt-0443,2026-01-12 09:00:00,Closed,Phone,Tech,5,Positive,2.4,20,11,Yes,1,Within 24h,Medium,1
Tkt-0444,2025-12-20 08:00:00,Closed,Portal,Tier2,5,Positive,9.3,25.6,11,No,0,24-48h,Slow,1
Tkt-0445,2026-01-15 11:00:00,Closed,Email,Tier2,5,Positive,4.2,23,11,No,0,Within 24h,Slow,1
Tkt-0446,2025-12-20 14:00:00,Closed,Phone,Tier1,5,Positive,6.2,3.8,9,No,0,Within 24h,Slow,1
Tkt-0447,2026-01-14 02:00:00,Closed,Portal,Tier1,5,Positive,2.2,10.5,9,Yes,1,Within 24h,Medium,1
Tkt-0448,2026-01-01 16:00:00,Closed,Portal,Tier1,5,Positive,2.3,9.7,10,Yes,1,Within 24h,Medium,1
Tkt-0449,2026-01-20 16:00:00,Pending,Phone,Tier2,2,Negative,6.9,16.4,9,No,0,Within 24h,Slow,1
Tkt-0450,2026-01-30 21:00:00,Closed,Phone,Tier1,4,Positive,0.8,18,10,Yes,1,Within 24h,Fast,1
Tkt-0451,2026-02-04 14:00:00,Closed,Phone,Escalations,5,Positive,3.2,5.8,12,Yes,1,Within 24h,Medium,1
Tkt-0452,2026-02-13 01:00:00,Closed,Portal,Billing,5,Positive,4.3,13,10,No,0,Within 24h,Slow,1
Tkt-0453,2025-12-22 02:00:00,Closed,Phone,Tier2,4,Positive,4.5,1,9,No,0,Within 24h,Slow,1
Tkt-0454,2026-02-05 18:00:00,Pending,Email,Billing,5,Positive,3.8,24,12,Yes,1,Within 24h,Medium,1
Tkt-0455,2026-02-01 01:00:00,Closed,Portal,Tier1,3,Neutral,5.2,8.4,12,No,0,Within 24h,Slow,1
Tkt-0456,2025-12-29 16:00:00,Open,Phone,Tier2,4,Positive,5.9,12.9,10,No,0,Within 24h,Slow,1
Tkt-0457,2025-12-15 08:00:00,Closed,Phone,Billing,5,Positive,6,10,11,No,0,Within 24h,Slow,1
Tkt-0458,2025-12-14 15:00:00,Open,Email,Tier2,5,Positive,1.7,21.7,9,Yes,1,Within 24h,Medium,1
Tkt-0459,2026-02-16 18:00:00,Pending,Phone,Tier2,5,Positive,3.5,1,9,Yes,1,Within 24h,Medium,1
Tkt-0460,2026-01-22 17:00:00,Pending,Email,Escalations,4,Positive,7.2,12.4,11,No,0,Within 24h,Slow,1
Tkt-0461,2026-01-13 19:00:00,Closed,Phone,Tech,3,Neutral,6.4,11.7,9,No,0,Within 24h,Slow,1
Tkt-0462,2026-01-22 00:00:00,Closed,Email,Billing,5,Positive,0.8,8.9,11,Yes,1,Within 24h,Fast,1
Tkt-0463,2025-12-22 20:00:00,Closed,Phone,Billing,5,Positive,5.1,26.3,11,No,0,24-48h,Slow,1
Tkt-0464,2026-01-24 23:00:00,Closed,Portal,Billing,3,Neutral,0.1,5.4,12,Yes,1,Within 24h,Fast,1
Tkt-0465,2026-02-22 07:00:00,Closed,Email,Tier1,5,Positive,4.3,18.7,12,No,0,Within 24h,Slow,1
Tkt-0466,2026-01-22 02:00:00,Closed,Portal,Tier2,4,Positive,8.9,15.4,10,No,0,Within 24h,Slow,1
Tkt-0467,2026-02-12 04:00:00,Closed,Email,Tier1,5,Positive,1.8,22.6,12,Yes,1,Within 24h,Medium,1
Tkt-0468,2025-12-28 21:00:00,Closed,Portal,Tier2,5,Positive,2.1,7.2,11,Yes,1,Within 24h,Medium,1
Tkt-0469,2026-02-27 06:00:00,Closed,Portal,Tier2,3,Neutral,6.1,6.6,10,No,0,Within 24h,Slow,1
Tkt-0470,2026-01-23 09:00:00,Open,Phone,Tier1,1,Negative,0.3,21.3,9,Yes,1,Within 24h,Fast,1
Tkt-0471,2025-12-29 10:00:00,Closed,Phone,Escalations,5,Positive,2.6,15.9,11,Yes,1,Within 24h,Medium,1
Tkt-0472,2026-01-16 19:00:00,Open,Portal,Escalations,5,Positive,5.7,1,10,No,0,Within 24h,Slow,1
Tkt-0473,2026-02-22 16:00:00,Closed,Email,Billing,5,Positive,2.6,8.2,12,Yes,1,Within 24h,Medium,1
Tkt-0474,2025-12-29 21:00:00,Closed,Email,Tier2,5,Positive,3.6,15.6,11,Yes,1,Within 24h,Medium,1
Tkt-0475,2026-02-20 12:00:00,Closed,Phone,Tech,5,Positive,6.1,19.2,10,No,0,Within 24h,Slow,1
Tkt-0476,2025-12-28 22:00:00,Open,Portal,Tier1,5,Positive,5.3,7.1,9,No,0,Within 24h,Slow,1
Tkt-0477,2025-12-17 04:00:00,Closed,Portal,Tech,4,Positive,4.9,1,11,No,0,Within 24h,Slow,1
Tkt-0478,2025-12-03 23:00:00,Closed,Portal,Tier1,4,Positive,3.4,16.7,11,Yes,1,Within 24h,Medium,1
Tkt-0479,2026-02-09 20:00:00,Closed,Phone,Tech,4,Positive,5.1,2.7,10,No,0,Within 24h,Slow,1
Tkt-0480,2025-12-18 15:00:00,Closed,Portal,Tier1,3,Neutral,3.9,1,10,Yes,1,Within 24h,Medium,1
Tkt-0481,2026-02-18 17:00:00,Closed,Email,Tech,5,Positive,5.3,1,12,No,0,Within 24h,Slow,1
Tkt-0482,2026-02-13 07:00:00,Closed,Phone,Escalations,4,Positive,3,19,12,Yes,1,Within 24h,Medium,1
Tkt-0483,2026-01-06 05:00:00,Closed,Email,Tier1,5,Positive,3.7,13.5,11,Yes,1,Within 24h,Medium,1
Tkt-0484,2025-12-14 05:00:00,Closed,Email,Tier2,5,Positive,1.7,10.7,9,Yes,1,Within 24h,Medium,1
Tkt-0485,2026-01-31 08:00:00,Closed,Email,Escalations,5,Positive,4.1,23.6,12,No,0,Within 24h,Slow,1
Tkt-0486,2026-01-11 10:00:00,Open,Email,Tier2,4,Positive,2.2,17.6,9,Yes,1,Within 24h,Medium,1
Tkt-0487,2026-01-03 15:00:00,Closed,Phone,Tech,2,Negative,1.4,25.4,10,Yes,1,24-48h,Medium,1
Tkt-0488,2025-12-15 11:00:00,Closed,Email,Billing,2,Negative,4.8,1.4,10,No,0,Within 24h,Slow,1
Tkt-0489,2026-01-20 06:00:00,Closed,Phone,Tier2,4,Positive,4.7,12.2,12,No,0,Within 24h,Slow,1
Tkt-0490,2025-12-11 23:00:00,Closed,Email,Tier1,2,Negative,6.2,1,11,No,0,Within 24h,Slow,1
Tkt-0491,2025-12-12 01:00:00,Closed,Email,Tier1,5,Positive,3.1,10.7,10,Yes,1,Within 24h,Medium,1
Tkt-0492,2026-02-16 18:00:00,Closed,Email,Tech,5,Positive,5.2,10.5,9,No,0,Within 24h,Slow,1
Tkt-0493,2025-12-10 18:00:00,Pending,Email,Tier2,5,Positive,5.6,17.5,11,No,0,Within 24h,Slow,1
Tkt-0494,2026-01-26 03:00:00,Closed,Phone,Tier2,5,Positive,5.3,12.9,12,No,0,Within 24h,Slow,1
Tkt-0495,2026-02-18 19:00:00,Closed,Phone,Tier2,3,Neutral,2.1,17.5,10,Yes,1,Within 24h,Medium,1
Tkt-0496,2026-01-29 19:00:00,Closed,Phone,Billing,5,Positive,4.6,18.1,12,No,0,Within 24h,Slow,1
Tkt-0497,2025-12-20 22:00:00,Open,Phone,Tech,5,Positive,5.1,29.7,11,No,0,24-48h,Slow,1
Tkt-0498,2026-02-09 00:00:00,Closed,Email,Escalations,3,Neutral,4.2,10,11,No,0,Within 24h,Slow,1
Tkt-0499,2026-01-07 10:00:00,Closed,Portal,Tier2,5,Positive,0.1,5,11,Yes,1,Within 24h,Fast,1
Tkt-0500,2025-12-02 05:00:00,Closed,Phone,Tech,4,Positive,4.6,14.5,9,No,0,Within 24h,Slow,1
Tkt-0501,2025-12-30 15:00:00,Closed,Phone,Tech,5,Positive,9.7,6.1,11,No,0,Within 24h,Slow,1
Tkt-0502,2026-02-24 17:00:00,Closed,Email,Billing,5,Positive,3.3,24.4,11,Yes,1,24-48h,Medium,1
Tkt-0503,2026-01-23 02:00:00,Closed,Email,Escalations,2,Negative,2.4,10.2,10,Yes,1,Within 24h,Medium,1
Tkt-0504,2026-01-23 02:00:00,Closed,Email,Tier1,5,Positive,5.1,8,9,No,0,Within 24h,Slow,1
Tkt-0505,2026-01-01 22:00:00,Pending,Email,Tier1,5,Positive,5,8.7,9,No,0,Within 24h,Slow,1
Tkt-0506,2025-12-03 17:00:00,Closed,Phone,Tech,5,Positive,7.2,18.2,12,No,0,Within 24h,Slow,1
Tkt-0507,2026-01-26 04:00:00,Closed,Phone,Tier2,4,Positive,1.1,11.2,11,Yes,1,Within 24h,Medium,1
Tkt-0508,2025-12-15 03:00:00,Closed,Phone,Tech,5,Positive,6,7.4,10,No,0,Within 24h,Slow,1
Tkt-0509,2026-02-03 11:00:00,Closed,Portal,Tech,2,Negative,5.7,25.8,12,No,0,24-48h,Slow,1
Tkt-0510,2026-02-14 07:00:00,Closed,Portal,Tier1,4,Positive,3.8,5.7,11,Yes,1,Within 24h,Medium,1
Tkt-0511,2026-01-31 04:00:00,Closed,Phone,Tech,2,Negative,5,12.8,9,No,0,Within 24h,Slow,1
Tkt-0512,2026-02-09 16:00:00,Closed,Portal,Tier2,5,Positive,6.8,17.7,11,No,0,Within 24h,Slow,1
Tkt-0513,2026-02-10 22:00:00,Closed,Email,Tier2,5,Positive,6.4,1,11,No,0,Within 24h,Slow,1
Tkt-0514,2026-02-21 19:00:00,Open,Email,Billing,5,Positive,1.3,16.3,10,Yes,1,Within 24h,Medium,1
Tkt-0515,2026-01-20 05:00:00,Open,Email,Escalations,5,Positive,6.3,4.1,10,No,0,Within 24h,Slow,1
Tkt-0516,2025-12-18 15:00:00,Closed,Phone,Tier1,2,Negative,4,19.1,10,No,0,Within 24h,Medium,1
Tkt-0517,2026-01-03 21:00:00,Closed,Portal,Tier2,4,Positive,4.4,4.8,12,No,0,Within 24h,Slow,1
Tkt-0518,2025-12-31 02:00:00,Closed,Email,Billing,2,Negative,4.4,18,10,No,0,Within 24h,Slow,1
Tkt-0519,2026-01-21 02:00:00,Pending,Portal,Billing,3,Neutral,3.8,21.3,12,Yes,1,Within 24h,Medium,1
Tkt-0520,2026-01-08 16:00:00,Closed,Email,Billing,3,Neutral,7.2,19.4,11,No,0,Within 24h,Slow,1
Tkt-0521,2025-12-26 07:00:00,Closed,Portal,Tier1,4,Positive,4,14.5,12,No,0,Within 24h,Medium,1
Tkt-0522,2025-12-27 10:00:00,Closed,Email,Tier1,4,Positive,1.4,10.6,12,Yes,1,Within 24h,Medium,1
Tkt-0523,2026-02-18 05:00:00,Closed,Email,Tier2,2,Negative,3.2,7.9,10,Yes,1,Within 24h,Medium,1
Tkt-0524,2026-02-23 11:00:00,Closed,Phone,Tech,3,Neutral,4.6,24.3,10,No,0,24-48h,Slow,1
Tkt-0525,2026-01-18 05:00:00,Closed,Email,Tier1,3,Neutral,7.3,6.9,9,No,0,Within 24h,Slow,1
Tkt-0526,2026-01-28 00:00:00,Closed,Email,Tier1,5,Positive,5.7,4.2,12,No,0,Within 24h,Slow,1
Tkt-0527,2026-02-17 17:00:00,Closed,Email,Escalations,5,Positive,2.1,17.8,11,Yes,1,Within 24h,Medium,1
Tkt-0528,2025-12-04 06:00:00,Open,Portal,Tier1,5,Positive,10.4,6.1,9,No,0,Within 24h,Slow,1
Tkt-0529,2025-12-16 00:00:00,Closed,Phone,Escalations,4,Positive,4.9,4.9,9,No,0,Within 24h,Slow,1
Tkt-0530,2025-12-04 16:00:00,Closed,Email,Billing,4,Positive,7.4,1,9,No,0,Within 24h,Slow,1
Tkt-0531,2025-12-17 23:00:00,Closed,Phone,Tech,5,Positive,3.8,8.6,10,Yes,1,Within 24h,Medium,1
Tkt-0532,2026-02-06 09:00:00,Closed,Phone,Tier1,4,Positive,5.5,11.8,10,No,0,Within 24h,Slow,1
Tkt-0533,2025-12-24 04:00:00,Closed,Email,Tier1,4,Positive,6.3,14.4,10,No,0,Within 24h,Slow,1
Tkt-0534,2026-01-03 16:00:00,Closed,Phone,Billing,3,Neutral,7.2,20.1,11,No,0,Within 24h,Slow,1
Tkt-0535,2026-02-05 06:00:00,Closed,Email,Tech,3,Neutral,6.8,16.7,12,No,0,Within 24h,Slow,1
Tkt-0536,2026-01-04 04:00:00,Closed,Email,Billing,4,Positive,6.4,11,9,No,0,Within 24h,Slow,1
Tkt-0537,2025-12-28 22:00:00,Closed,Phone,Tier1,4,Positive,3.4,10.9,10,Yes,1,Within 24h,Medium,1
Tkt-0538,2025-12-30 13:00:00,Closed,Email,Tech,5,Positive,2.8,16.6,12,Yes,1,Within 24h,Medium,1
Tkt-0539,2026-01-07 14:00:00,Pending,Phone,Tech,2,Negative,5,22.7,9,No,0,Within 24h,Slow,1
Tkt-0540,2026-01-18 03:00:00,Closed,Phone,Billing,3,Neutral,6.5,13.5,12,No,0,Within 24h,Slow,1
Tkt-0541,2026-02-15 19:00:00,Closed,Email,Tech,5,Positive,3.6,8.7,9,Yes,1,Within 24h,Medium,1
Tkt-0542,2026-01-17 11:00:00,Closed,Phone,Tech,3,Neutral,6.9,4.6,12,No,0,Within 24h,Slow,1
Tkt-0543,2025-12-02 09:00:00,Closed,Email,Billing,4,Positive,7.8,1,10,No,0,Within 24h,Slow,1
Tkt-0544,2026-01-23 03:00:00,Closed,Portal,Tier1,5,Positive,1.9,17.8,12,Yes,1,Within 24h,Medium,1
Tkt-0545,2026-01-08 07:00:00,Closed,Phone,Tier2,3,Neutral,2.1,17.1,12,Yes,1,Within 24h,Medium,1
Tkt-0546,2026-02-24 10:00:00,Pending,Portal,Tier1,2,Negative,3.8,17.1,9,Yes,1,Within 24h,Medium,1
Tkt-0547,2026-02-17 14:00:00,Closed,Phone,Tier2,4,Positive,5,11.5,12,No,0,Within 24h,Slow,1
Tkt-0548,2026-01-27 14:00:00,Closed,Email,Tier2,4,Positive,2.9,23.8,11,Yes,1,Within 24h,Medium,1
Tkt-0549,2026-02-14 12:00:00,Closed,Phone,Tier1,5,Positive,7.6,8.6,9,No,0,Within 24h,Slow,1
Tkt-0550,2025-12-26 00:00:00,Closed,Portal,Tier2,5,Positive,5.3,20.1,12,No,0,Within 24h,Slow,1
Tkt-0551,2025-12-06 07:00:00,Closed,Phone,Tier1,3,Neutral,4.3,12.2,11,No,0,Within 24h,Slow,1
Tkt-0552,2025-12-31 11:00:00,Closed,Portal,Tech,5,Positive,0.6,7.6,9,Yes,1,Within 24h,Fast,1
Tkt-0553,2026-02-22 18:00:00,Closed,Portal,Escalations,4,Positive,0.9,17.2,10,Yes,1,Within 24h,Fast,1
Tkt-0554,2025-12-24 13:00:00,Closed,Email,Tier1,3,Neutral,4.9,15.8,9,No,0,Within 24h,Slow,1
Tkt-0555,2025-12-11 09:00:00,Closed,Email,Escalations,5,Positive,0.1,15.4,9,Yes,1,Within 24h,Fast,1
Tkt-0556,2025-12-10 10:00:00,Pending,Phone,Tier2,4,Positive,6.7,13.2,12,No,0,Within 24h,Slow,1
Tkt-0557,2026-02-22 18:00:00,Open,Phone,Tier1,4,Positive,3.8,12.2,11,Yes,1,Within 24h,Medium,1
Tkt-0558,2026-01-25 07:00:00,Closed,Portal,Tier1,2,Negative,12.3,31.6,9,No,0,24-48h,Slow,1
Tkt-0559,2026-02-12 15:00:00,Closed,Portal,Tier2,4,Positive,10,22,9,No,0,Within 24h,Slow,1
Tkt-0560,2026-01-03 02:00:00,Closed,Email,Tech,4,Positive,3.7,18.3,9,Yes,1,Within 24h,Medium,1
Tkt-0561,2025-12-28 21:00:00,Closed,Email,Billing,5,Positive,3.9,13.4,12,Yes,1,Within 24h,Medium,1
Tkt-0562,2026-02-25 04:00:00,Pending,Portal,Tier1,2,Negative,6.7,20.6,9,No,0,Within 24h,Slow,1
Tkt-0563,2025-12-13 17:00:00,Open,Email,Tier1,4,Positive,8.5,16.6,11,No,0,Within 24h,Slow,1
Tkt-0564,2026-02-08 15:00:00,Closed,Portal,Tier2,4,Positive,0.1,12.7,12,Yes,1,Within 24h,Fast,1
Tkt-0565,2025-12-21 00:00:00,Closed,Phone,Tier1,5,Positive,0.1,10.1,10,Yes,1,Within 24h,Fast,1
Tkt-0566,2025-12-20 11:00:00,Closed,Phone,Tier1,5,Positive,2.6,11.9,10,Yes,1,Within 24h,Medium,1
Tkt-0567,2026-02-17 17:00:00,Closed,Email,Tier1,5,Positive,5.7,1,12,No,0,Within 24h,Slow,1
Tkt-0568,2026-02-14 10:00:00,Closed,Phone,Tech,5,Positive,5.4,14.2,11,No,0,Within 24h,Slow,1
Tkt-0569,2026-02-13 04:00:00,Closed,Phone,Escalations,5,Positive,6.9,8.6,12,No,0,Within 24h,Slow,1
Tkt-0570,2026-02-09 09:00:00,Closed,Phone,Tier2,4,Positive,1.2,25.2,12,Yes,1,24-48h,Medium,1
Tkt-0571,2026-01-22 08:00:00,Closed,Email,Escalations,4,Positive,0.1,12.7,12,Yes,1,Within 24h,Fast,1
Tkt-0572,2026-01-25 11:00:00,Closed,Phone,Tier2,5,Positive,6.3,3,12,No,0,Within 24h,Slow,1
Tkt-0573,2025-12-29 09:00:00,Closed,Portal,Tier2,5,Positive,2.1,12.1,9,Yes,1,Within 24h,Medium,1
Tkt-0574,2026-01-28 10:00:00,Closed,Email,Tier1,5,Positive,0.1,4.1,10,Yes,1,Within 24h,Fast,1
Tkt-0575,2025-12-20 20:00:00,Closed,Email,Billing,4,Positive,4.6,16.3,11,No,0,Within 24h,Slow,1
Tkt-0576,2026-01-10 18:00:00,Pending,Email,Escalations,3,Neutral,6.2,14.8,9,No,0,Within 24h,Slow,1
Tkt-0577,2025-12-14 08:00:00,Closed,Phone,Billing,4,Positive,3.9,20.2,10,Yes,1,Within 24h,Medium,1
Tkt-0578,2026-02-11 22:00:00,Closed,Phone,Tier2,5,Positive,3.1,6.2,12,Yes,1,Within 24h,Medium,1
Tkt-0579,2026-01-24 11:00:00,Closed,Phone,Billing,4,Positive,3.8,12.8,10,Yes,1,Within 24h,Medium,1
Tkt-0580,2026-01-16 08:00:00,Closed,Email,Tier1,4,Positive,3.3,1.6,10,Yes,1,Within 24h,Medium,1
Tkt-0581,2026-01-26 00:00:00,Closed,Email,Tech,5,Positive,0.8,18.1,9,Yes,1,Within 24h,Fast,1
Tkt-0582,2026-01-23 01:00:00,Closed,Phone,Tier2,4,Positive,2.4,16.7,9,Yes,1,Within 24h,Medium,1
Tkt-0583,2026-01-21 06:00:00,Closed,Phone,Tier2,5,Positive,5.5,16.5,11,No,0,Within 24h,Slow,1
Tkt-0584,2025-12-16 03:00:00,Closed,Portal,Billing,4,Positive,5,12.5,12,No,0,Within 24h,Slow,1
Tkt-0585,2025-12-28 20:00:00,Closed,Email,Billing,4,Positive,4.6,15.8,12,No,0,Within 24h,Slow,1
Tkt-0586,2026-01-02 07:00:00,Open,Phone,Tier1,4,Positive,1.7,25.3,12,Yes,1,24-48h,Medium,1
Tkt-0587,2025-12-29 13:00:00,Pending,Email,Billing,5,Positive,3.7,10.2,10,Yes,1,Within 24h,Medium,1
Tkt-0588,2026-01-17 07:00:00,Pending,Phone,Tier1,3,Neutral,0.1,13.6,10,Yes,1,Within 24h,Fast,1
Tkt-0589,2025-12-21 12:00:00,Pending,Phone,Billing,3,Neutral,4.6,3.8,12,No,0,Within 24h,Slow,1
Tkt-0590,2026-01-01 14:00:00,Pending,Phone,Tech,5,Positive,7.8,5.6,11,No,0,Within 24h,Slow,1
Tkt-0591,2026-02-04 02:00:00,Closed,Portal,Tech,3,Neutral,0.5,13.3,10,Yes,1,Within 24h,Fast,1
Tkt-0592,2026-01-29 06:00:00,Pending,Email,Billing,5,Positive,2.7,21.3,11,Yes,1,Within 24h,Medium,1
Tkt-0593,2026-01-10 17:00:00,Closed,Email,Tier2,5,Positive,5,10.4,10,No,0,Within 24h,Slow,1
Tkt-0594,2026-01-07 23:00:00,Closed,Phone,Tier1,4,Positive,7.3,10.6,9,No,0,Within 24h,Slow,1
Tkt-0595,2026-01-19 01:00:00,Closed,Phone,Tech,5,Positive,3.1,9.2,9,Yes,1,Within 24h,Medium,1
Tkt-0596,2025-12-30 02:00:00,Closed,Email,Tier1,3,Neutral,2.5,8.2,12,Yes,1,Within 24h,Medium,1
Tkt-0597,2026-01-11 12:00:00,Pending,Email,Tier2,5,Positive,0.1,14.9,9,Yes,1,Within 24h,Fast,1
Tkt-0598,2025-12-06 04:00:00,Pending,Email,Tier1,4,Positive,4.5,1,10,No,0,Within 24h,Slow,1
Tkt-0599,2026-02-09 09:00:00,Open,Portal,Tier1,5,Positive,9.3,22.7,10,No,0,Within 24h,Slow,1
Tkt-0600,2026-02-24 20:00:00,Pending,Email,Billing,3,Neutral,4.9,7.2,9,No,0,Within 24h,Slow,1
Tkt-0601,2025-12-26 06:00:00,Closed,Email,Tier1,5,Positive,4.1,18.3,9,No,0,Within 24h,Slow,1
Tkt-0602,2026-01-17 21:00:00,Pending,Email,Billing,3,Neutral,5,2.3,9,No,0,Within 24h,Slow,1
Tkt-0603,2026-01-03 21:00:00,Pending,Email,Tier2,4,Positive,4.2,17.9,12,No,0,Within 24h,Slow,1
Tkt-0604,2025-12-23 10:00:00,Pending,Email,Tier1,3,Neutral,2.2,17.9,9,Yes,1,Within 24h,Medium,1
Tkt-0605,2026-02-27 01:00:00,Closed,Phone,Tier2,3,Neutral,6.3,15.6,10,No,0,Within 24h,Slow,1
Tkt-0606,2026-02-10 11:00:00,Closed,Email,Tier1,5,Positive,4.8,4.5,9,No,0,Within 24h,Slow,1
Tkt-0607,2025-12-07 20:00:00,Closed,Portal,Tier1,4,Positive,4.2,14.5,12,No,0,Within 24h,Slow,1
Tkt-0608,2026-02-19 09:00:00,Closed,Email,Billing,5,Positive,1.8,3,12,Yes,1,Within 24h,Medium,1
Tkt-0609,2026-01-26 14:00:00,Closed,Phone,Tier1,5,Positive,7.5,10.5,10,No,0,Within 24h,Slow,1
Tkt-0610,2025-12-11 02:00:00,Open,Portal,Tech,5,Positive,5.9,20.7,10,No,0,Within 24h,Slow,1
Tkt-0611,2026-01-09 04:00:00,Closed,Phone,Tier1,3,Neutral,2.8,18.9,9,Yes,1,Within 24h,Medium,1
Tkt-0612,2026-02-18 14:00:00,Closed,Phone,Tier1,4,Positive,6.7,12.6,10,No,0,Within 24h,Slow,1
Tkt-0613,2025-12-04 07:00:00,Pending,Email,Billing,5,Positive,3,4.7,11,Yes,1,Within 24h,Medium,1
Tkt-0614,2026-01-11 14:00:00,Closed,Email,Tier2,4,Positive,2.2,17.7,10,Yes,1,Within 24h,Medium,1
Tkt-0615,2025-12-10 02:00:00,Closed,Phone,Tier1,2,Negative,2.3,12.7,11,Yes,1,Within 24h,Medium,1
Tkt-0616,2025-12-28 07:00:00,Open,Portal,Tier2,5,Positive,0.1,1,11,Yes,1,Within 24h,Fast,1
Tkt-0617,2026-02-24 05:00:00,Closed,Phone,Tier1,5,Positive,5.4,18.8,10,No,0,Within 24h,Slow,1
Tkt-0618,2026-02-20 17:00:00,Closed,Phone,Tech,5,Positive,0.1,12.3,11,Yes,1,Within 24h,Fast,1
Tkt-0619,2025-12-10 03:00:00,Closed,Phone,Tier2,3,Neutral,1.1,22.1,10,Yes,1,Within 24h,Medium,1
Tkt-0620,2026-01-23 17:00:00,Pending,Phone,Tech,5,Positive,0.1,3.7,10,Yes,1,Within 24h,Fast,1
Tkt-0621,2026-02-17 11:00:00,Closed,Email,Tech,3,Neutral,4,1,12,No,0,Within 24h,Medium,1
Tkt-0622,2026-02-16 04:00:00,Closed,Phone,Tier2,3,Neutral,3.8,14.7,11,Yes,1,Within 24h,Medium,1
Tkt-0623,2026-02-16 10:00:00,Closed,Portal,Escalations,5,Positive,3.4,14.8,11,Yes,1,Within 24h,Medium,1
Tkt-0624,2026-02-07 02:00:00,Closed,Email,Tier2,3,Neutral,1.6,1,9,Yes,1,Within 24h,Medium,1
Tkt-0625,2026-01-22 00:00:00,Closed,Phone,Escalations,4,Positive,1.3,4.7,10,Yes,1,Within 24h,Medium,1
Tkt-0626,2026-02-23 14:00:00,Closed,Email,Tier1,1,Negative,5.4,34.5,12,No,0,24-48h,Slow,1
Tkt-0627,2026-02-21 15:00:00,Closed,Phone,Billing,5,Positive,2.8,10.1,12,Yes,1,Within 24h,Medium,1
Tkt-0628,2026-01-14 13:00:00,Open,Email,Tier2,5,Positive,5,18.3,9,No,0,Within 24h,Slow,1
Tkt-0629,2026-01-04 20:00:00,Closed,Phone,Tier2,5,Positive,2,7.3,11,Yes,1,Within 24h,Medium,1
Tkt-0630,2026-01-28 08:00:00,Closed,Portal,Billing,5,Positive,4.7,1,12,No,0,Within 24h,Slow,1
Tkt-0631,2026-01-07 06:00:00,Closed,Email,Billing,3,Neutral,7.5,11.1,11,No,0,Within 24h,Slow,1
Tkt-0632,2025-12-03 19:00:00,Closed,Phone,Tier1,4,Positive,5.7,10.4,12,No,0,Within 24h,Slow,1
Tkt-0633,2026-02-07 19:00:00,Closed,Portal,Tier1,4,Positive,3.2,9.3,12,Yes,1,Within 24h,Medium,1
Tkt-0634,2026-02-18 05:00:00,Pending,Portal,Billing,2,Negative,4.8,11.6,10,No,0,Within 24h,Slow,1
Tkt-0635,2026-01-11 05:00:00,Closed,Email,Billing,4,Positive,3.6,14.6,11,Yes,1,Within 24h,Medium,1
Tkt-0636,2025-12-03 17:00:00,Closed,Email,Escalations,5,Positive,4.2,11.3,12,No,0,Within 24h,Slow,1
Tkt-0637,2025-12-27 06:00:00,Closed,Email,Tech,2,Negative,3.4,2.4,10,Yes,1,Within 24h,Medium,1
Tkt-0638,2026-02-10 17:00:00,Closed,Portal,Escalations,4,Positive,3.8,16.4,12,Yes,1,Within 24h,Medium,1
Tkt-0639,2025-12-31 04:00:00,Closed,Portal,Billing,3,Neutral,4.7,1,10,No,0,Within 24h,Slow,1
Tkt-0640,2026-01-27 10:00:00,Open,Phone,Tier1,3,Neutral,1.7,1,10,Yes,1,Within 24h,Medium,1
Tkt-0641,2026-01-27 03:00:00,Closed,Portal,Tier1,5,Positive,1.7,18.4,11,Yes,1,Within 24h,Medium,1
Tkt-0642,2026-02-27 10:00:00,Closed,Phone,Tech,4,Positive,0.7,16.6,10,Yes,1,Within 24h,Fast,1
Tkt-0643,2026-01-23 03:00:00,Closed,Phone,Billing,4,Positive,0.2,12,12,Yes,1,Within 24h,Fast,1
Tkt-0644,2025-12-21 19:00:00,Pending,Email,Tier1,5,Positive,1.2,1.3,9,Yes,1,Within 24h,Medium,1
Tkt-0645,2026-02-19 10:00:00,Closed,Portal,Tier2,3,Neutral,4.6,6.8,12,No,0,Within 24h,Slow,1
Tkt-0646,2026-01-15 06:00:00,Closed,Email,Escalations,4,Positive,2,10.4,12,Yes,1,Within 24h,Medium,1
Tkt-0647,2026-01-21 04:00:00,Closed,Portal,Tier2,4,Positive,5.5,1,10,No,0,Within 24h,Slow,1
Tkt-0648,2026-01-05 02:00:00,Closed,Portal,Tier2,5,Positive,4.3,6.6,12,No,0,Within 24h,Slow,1
Tkt-0649,2026-01-27 10:00:00,Closed,Phone,Tier2,5,Positive,0.1,17.7,10,Yes,1,Within 24h,Fast,1
Tkt-0650,2026-01-21 18:00:00,Pending,Email,Tier1,5,Positive,5.8,23.9,11,No,0,Within 24h,Slow,1
Tkt-0651,2026-01-10 09:00:00,Closed,Email,Tier2,4,Positive,6.2,9.1,10,No,0,Within 24h,Slow,1
Tkt-0652,2026-02-15 17:00:00,Closed,Email,Tier2,5,Positive,1.7,18.6,11,Yes,1,Within 24h,Medium,1
Tkt-0653,2026-01-11 06:00:00,Closed,Email,Tier1,3,Neutral,5.3,1,9,No,0,Within 24h,Slow,1
Tkt-0654,2026-01-14 06:00:00,Closed,Email,Tech,2,Negative,2.1,17.8,12,Yes,1,Within 24h,Medium,1
Tkt-0655,2026-01-22 02:00:00,Pending,Portal,Tier2,3,Neutral,4.4,6.1,11,No,0,Within 24h,Slow,1
Tkt-0656,2026-01-23 00:00:00,Closed,Phone,Tech,4,Positive,1,15,9,Yes,1,Within 24h,Fast,1
Tkt-0657,2025-12-06 12:00:00,Closed,Email,Tech,4,Positive,0.1,10.5,10,Yes,1,Within 24h,Fast,1
Tkt-0658,2026-01-25 00:00:00,Closed,Email,Tier1,5,Positive,3.2,23.1,9,Yes,1,Within 24h,Medium,1
Tkt-0659,2025-12-18 03:00:00,Closed,Phone,Billing,5,Positive,3.9,5.5,11,Yes,1,Within 24h,Medium,1
Tkt-0660,2026-02-22 05:00:00,Closed,Phone,Tier2,4,Positive,3.2,17.5,12,Yes,1,Within 24h,Medium,1
Tkt-0661,2025-12-27 15:00:00,Closed,Phone,Tech,4,Positive,1.2,10.3,9,Yes,1,Within 24h,Medium,1
Tkt-0662,2026-01-30 05:00:00,Closed,Portal,Tier1,2,Negative,3.2,11.2,9,Yes,1,Within 24h,Medium,1
Tkt-0663,2026-01-14 17:00:00,Closed,Phone,Billing,2,Negative,4.9,11,10,No,0,Within 24h,Slow,1
Tkt-0664,2025-12-09 18:00:00,Pending,Portal,Billing,5,Positive,4.1,5.7,10,No,0,Within 24h,Slow,1
Tkt-0665,2025-12-11 16:00:00,Pending,Portal,Tier1,4,Positive,4.7,12.4,12,No,0,Within 24h,Slow,1
Tkt-0666,2025-12-04 01:00:00,Closed,Email,Tier1,5,Positive,2.5,12,10,Yes,1,Within 24h,Medium,1
Tkt-0667,2025-12-06 03:00:00,Pending,Portal,Billing,3,Neutral,7.1,14.4,11,No,0,Within 24h,Slow,1
Tkt-0668,2026-02-11 04:00:00,Pending,Email,Billing,1,Negative,1.3,13.2,11,Yes,1,Within 24h,Medium,1
Tkt-0669,2026-02-16 04:00:00,Closed,Portal,Tier2,4,Positive,5.4,18.9,9,No,0,Within 24h,Slow,1
Tkt-0670,2025-12-08 23:00:00,Pending,Email,Billing,3,Neutral,7.2,19.9,10,No,0,Within 24h,Slow,1
Tkt-0671,2026-01-20 10:00:00,Closed,Portal,Tier2,2,Negative,5.4,4.1,10,No,0,Within 24h,Slow,1
Tkt-0672,2026-02-24 06:00:00,Pending,Portal,Billing,5,Positive,3.7,19.5,9,Yes,1,Within 24h,Medium,1
Tkt-0673,2026-01-13 01:00:00,Closed,Portal,Tier1,2,Negative,2.9,3,12,Yes,1,Within 24h,Medium,1
Tkt-0674,2026-02-12 22:00:00,Closed,Portal,Tech,5,Positive,6.8,17.2,10,No,0,Within 24h,Slow,1
Tkt-0675,2026-01-22 14:00:00,Closed,Email,Tier1,4,Positive,0.6,17.5,10,Yes,1,Within 24h,Fast,1
Tkt-0676,2026-01-06 19:00:00,Pending,Email,Tier2,3,Neutral,1.8,1,12,Yes,1,Within 24h,Medium,1
Tkt-0677,2026-02-03 20:00:00,Closed,Email,Tier1,4,Positive,3.2,13.2,10,Yes,1,Within 24h,Medium,1
Tkt-0678,2025-12-21 13:00:00,Closed,Email,Tier1,5,Positive,7.3,8.8,11,No,0,Within 24h,Slow,1
Tkt-0679,2025-12-23 08:00:00,Closed,Phone,Tier2,4,Positive,5.1,6.4,11,No,0,Within 24h,Slow,1
Tkt-0680,2026-01-25 19:00:00,Closed,Email,Tier1,5,Positive,1.8,23.3,12,Yes,1,Within 24h,Medium,1
Tkt-0681,2026-01-27 09:00:00,Closed,Portal,Tech,3,Neutral,3.4,7.3,12,Yes,1,Within 24h,Medium,1
Tkt-0682,2026-01-22 01:00:00,Pending,Phone,Tier1,5,Positive,2.7,6,11,Yes,1,Within 24h,Medium,1
Tkt-0683,2026-01-16 21:00:00,Closed,Portal,Tier2,3,Neutral,2.4,13.1,11,Yes,1,Within 24h,Medium,1
Tkt-0684,2025-12-31 22:00:00,Closed,Email,Tier2,5,Positive,6.6,18,11,No,0,Within 24h,Slow,1
Tkt-0685,2026-02-10 17:00:00,Closed,Portal,Tier1,5,Positive,0.8,11.4,11,Yes,1,Within 24h,Fast,1
Tkt-0686,2025-12-04 01:00:00,Closed,Portal,Tier1,5,Positive,8.2,21.8,12,No,0,Within 24h,Slow,1
Tkt-0687,2025-12-04 12:00:00,Closed,Phone,Tier2,4,Positive,6.3,16.7,12,No,0,Within 24h,Slow,1
Tkt-0688,2025-12-19 13:00:00,Closed,Phone,Tier2,2,Negative,6.9,1,9,No,0,Within 24h,Slow,1
Tkt-0689,2026-02-17 12:00:00,Pending,Portal,Tier2,1,Negative,3,8.3,12,Yes,1,Within 24h,Medium,1
Tkt-0690,2026-02-27 16:00:00,Closed,Email,Tier2,5,Positive,3.8,8,11,Yes,1,Within 24h,Medium,1
Tkt-0691,2025-12-22 21:00:00,Closed,Phone,Billing,4,Positive,0.6,16.3,10,Yes,1,Within 24h,Fast,1
Tkt-0692,2026-01-01 13:00:00,Closed,Email,Tier1,5,Positive,2.9,1,11,Yes,1,Within 24h,Medium,1
Tkt-0693,2025-12-04 01:00:00,Closed,Email,Tier2,3,Neutral,5.4,32.9,11,No,0,24-48h,Slow,1
Tkt-0694,2025-12-04 16:00:00,Pending,Email,Escalations,4,Positive,7.4,16.7,12,No,0,Within 24h,Slow,1
Tkt-0695,2025-12-16 12:00:00,Closed,Email,Tier2,2,Negative,1.4,13.7,9,Yes,1,Within 24h,Medium,1
Tkt-0696,2025-12-09 13:00:00,Closed,Email,Billing,5,Positive,3.3,22,10,Yes,1,Within 24h,Medium,1
Tkt-0697,2026-02-15 03:00:00,Closed,Email,Tier2,5,Positive,3.8,31.2,10,Yes,1,24-48h,Medium,1
Tkt-0698,2026-01-30 09:00:00,Pending,Portal,Tech,5,Positive,0.7,19.5,9,Yes,1,Within 24h,Fast,1
Tkt-0699,2026-02-25 05:00:00,Closed,Phone,Tech,4,Positive,5.7,20.1,11,No,0,Within 24h,Slow,1
Tkt-0700,2025-12-19 14:00:00,Closed,Portal,Tier2,5,Positive,2.4,13.5,12,Yes,1,Within 24h,Medium,1
Tkt-0701,2025-12-12 17:00:00,Open,Phone,Escalations,5,Positive,3.7,11.4,11,Yes,1,Within 24h,Medium,1
Tkt-0702,2025-12-08 22:00:00,Closed,Email,Tier1,4,Positive,3.1,8.7,10,Yes,1,Within 24h,Medium,1
Tkt-0703,2025-12-09 10:00:00,Pending,Phone,Tier1,5,Positive,2.2,5.9,10,Yes,1,Within 24h,Medium,1
Tkt-0704,2025-12-01 15:00:00,Open,Phone,Tech,5,Positive,4.2,7,11,No,0,Within 24h,Slow,1
Tkt-0705,2025-12-07 11:00:00,Closed,Email,Tech,5,Positive,3.7,1.7,10,Yes,1,Within 24h,Medium,1
Tkt-0706,2026-02-14 20:00:00,Closed,Phone,Tier1,5,Positive,3.3,11.9,12,Yes,1,Within 24h,Medium,1
Tkt-0707,2026-02-23 23:00:00,Closed,Email,Tier1,4,Positive,2.4,1,10,Yes,1,Within 24h,Medium,1
Tkt-0708,2026-01-21 09:00:00,Closed,Phone,Tier1,4,Positive,5,14,12,No,0,Within 24h,Slow,1
Tkt-0709,2026-02-14 21:00:00,Closed,Phone,Tier1,5,Positive,8.3,12.2,11,No,0,Within 24h,Slow,1
Tkt-0710,2026-01-29 07:00:00,Closed,Email,Tech,1,Negative,4.5,13.7,11,No,0,Within 24h,Slow,1
Tkt-0711,2026-02-11 12:00:00,Closed,Email,Tier2,5,Positive,6.7,8.3,12,No,0,Within 24h,Slow,1
Tkt-0712,2026-01-01 13:00:00,Closed,Portal,Tier2,5,Positive,0.7,37.1,12,Yes,1,24-48h,Fast,1
Tkt-0713,2025-12-05 01:00:00,Closed,Phone,Tier2,5,Positive,4.6,23.4,12,No,0,Within 24h,Slow,1
Tkt-0714,2025-12-01 07:00:00,Closed,Email,Tier1,5,Positive,1.5,2.5,10,Yes,1,Within 24h,Medium,1
Tkt-0715,2026-01-06 06:00:00,Closed,Portal,Tier1,4,Positive,0.5,14.4,11,Yes,1,Within 24h,Fast,1
Tkt-0716,2026-02-09 11:00:00,Closed,Email,Billing,4,Positive,2.4,7.6,10,Yes,1,Within 24h,Medium,1
Tkt-0717,2025-12-07 21:00:00,Closed,Phone,Escalations,2,Negative,7.2,4.4,10,No,0,Within 24h,Slow,1
Tkt-0718,2025-12-28 05:00:00,Pending,Portal,Tech,4,Positive,6.6,1.8,12,No,0,Within 24h,Slow,1
Tkt-0719,2026-01-07 16:00:00,Closed,Email,Tier1,4,Positive,4.8,16,10,No,0,Within 24h,Slow,1
Tkt-0720,2026-02-24 02:00:00,Closed,Email,Tech,4,Positive,0.4,7,9,Yes,1,Within 24h,Fast,1
Tkt-0721,2026-01-12 18:00:00,Pending,Email,Tech,5,Positive,3.7,20.2,9,Yes,1,Within 24h,Medium,1
Tkt-0722,2026-01-03 10:00:00,Open,Email,Tech,5,Positive,5,20.5,9,No,0,Within 24h,Slow,1
Tkt-0723,2026-01-29 13:00:00,Closed,Email,Tier2,3,Neutral,4.6,23.5,9,No,0,Within 24h,Slow,1
Tkt-0724,2026-02-16 03:00:00,Closed,Phone,Tier2,4,Positive,0.1,5.7,9,Yes,1,Within 24h,Fast,1
Tkt-0725,2026-01-12 07:00:00,Closed,Email,Tier2,5,Positive,2,16.3,12,Yes,1,Within 24h,Medium,1
Tkt-0726,2025-12-08 13:00:00,Pending,Phone,Tier1,2,Negative,4,17.6,10,No,0,Within 24h,Medium,1
Tkt-0727,2026-02-21 12:00:00,Closed,Portal,Tier1,2,Negative,5.5,8.7,10,No,0,Within 24h,Slow,1
Tkt-0728,2026-01-24 18:00:00,Closed,Portal,Tier1,3,Neutral,0.1,6.3,9,Yes,1,Within 24h,Fast,1
Tkt-0729,2026-02-13 10:00:00,Pending,Phone,Tier2,5,Positive,3.8,25.4,10,Yes,1,24-48h,Medium,1
Tkt-0730,2026-02-17 03:00:00,Pending,Email,Billing,3,Neutral,4.6,14.3,9,No,0,Within 24h,Slow,1
Tkt-0731,2026-02-01 04:00:00,Closed,Phone,Tier2,5,Positive,6.3,17.6,10,No,0,Within 24h,Slow,1
Tkt-0732,2025-12-09 05:00:00,Closed,Phone,Tier1,4,Positive,5.9,5.9,12,No,0,Within 24h,Slow,1
Tkt-0733,2026-02-26 23:00:00,Closed,Phone,Escalations,4,Positive,5.7,2.7,11,No,0,Within 24h,Slow,1
Tkt-0734,2026-01-17 17:00:00,Closed,Email,Escalations,3,Neutral,2.2,7.9,9,Yes,1,Within 24h,Medium,1
Tkt-0735,2026-02-12 06:00:00,Closed,Portal,Tech,4,Positive,0.1,11.5,12,Yes,1,Within 24h,Fast,1
Tkt-0736,2026-02-02 22:00:00,Closed,Phone,Escalations,5,Positive,3.2,4,12,Yes,1,Within 24h,Medium,1
Tkt-0737,2025-12-20 18:00:00,Closed,Email,Tier2,5,Positive,6.7,12.4,9,No,0,Within 24h,Slow,1
Tkt-0738,2025-12-15 18:00:00,Closed,Email,Escalations,5,Positive,7.7,1,9,No,0,Within 24h,Slow,1
Tkt-0739,2026-01-30 14:00:00,Closed,Phone,Tier1,5,Positive,6,3.5,12,No,0,Within 24h,Slow,1
Tkt-0740,2026-02-10 05:00:00,Closed,Portal,Tier2,5,Positive,5.3,17.9,9,No,0,Within 24h,Slow,1
Tkt-0741,2026-02-28 16:00:00,Closed,Phone,Tier1,5,Positive,5.1,17.3,9,No,0,Within 24h,Slow,1
Tkt-0742,2026-02-10 20:00:00,Closed,Portal,Tier1,5,Positive,2.8,9.4,11,Yes,1,Within 24h,Medium,1
Tkt-0743,2025-12-21 16:00:00,Closed,Email,Tier1,2,Negative,3.9,4.4,11,Yes,1,Within 24h,Medium,1
Tkt-0744,2026-02-06 21:00:00,Closed,Phone,Billing,1,Negative,8.4,4.3,9,No,0,Within 24h,Slow,1
Tkt-0745,2025-12-07 00:00:00,Closed,Phone,Tech,3,Neutral,1.8,9.5,12,Yes,1,Within 24h,Medium,1
Tkt-0746,2026-02-13 00:00:00,Closed,Email,Billing,5,Positive,8.2,17.7,10,No,0,Within 24h,Slow,1
Tkt-0747,2026-01-14 17:00:00,Closed,Email,Tier1,4,Positive,3.4,19.9,9,Yes,1,Within 24h,Medium,1
Tkt-0748,2025-12-15 14:00:00,Closed,Portal,Tech,4,Positive,7.5,8.5,9,No,0,Within 24h,Slow,1
Tkt-0749,2026-02-26 19:00:00,Closed,Email,Billing,5,Positive,0.7,3.3,10,Yes,1,Within 24h,Fast,1
Tkt-0750,2026-01-26 23:00:00,Pending,Phone,Tier2,5,Positive,5.7,14.6,10,No,0,Within 24h,Slow,1
Tkt-0751,2026-02-12 01:00:00,Closed,Email,Billing,5,Positive,2.4,5.9,10,Yes,1,Within 24h,Medium,1
Tkt-0752,2026-01-06 08:00:00,Closed,Email,Tier1,4,Positive,0.7,8.4,11,Yes,1,Within 24h,Fast,1
Tkt-0753,2026-02-14 01:00:00,Closed,Email,Tier2,5,Positive,4.7,23.1,11,No,0,Within 24h,Slow,1
Tkt-0754,2026-02-20 09:00:00,Pending,Portal,Escalations,4,Positive,6.7,19.1,11,No,0,Within 24h,Slow,1
Tkt-0755,2026-01-02 13:00:00,Closed,Portal,Tier1,3,Neutral,2.1,13.8,12,Yes,1,Within 24h,Medium,1
Tkt-0756,2025-12-25 06:00:00,Closed,Portal,Tier2,3,Neutral,0.5,2.3,9,Yes,1,Within 24h,Fast,1
Tkt-0757,2026-02-15 10:00:00,Closed,Phone,Tech,4,Positive,4,14.2,11,No,0,Within 24h,Medium,1
Tkt-0758,2025-12-26 17:00:00,Closed,Email,Billing,4,Positive,4,21,12,No,0,Within 24h,Medium,1
Tkt-0759,2025-12-12 23:00:00,Closed,Phone,Tier1,5,Positive,5.6,9.5,12,No,0,Within 24h,Slow,1
Tkt-0760,2025-12-06 08:00:00,Pending,Phone,Tier1,2,Negative,6.6,23.3,10,No,0,Within 24h,Slow,1
Tkt-0761,2026-01-21 10:00:00,Closed,Portal,Tier1,5,Positive,4.1,22.8,10,No,0,Within 24h,Slow,1
Tkt-0762,2025-12-09 00:00:00,Closed,Email,Billing,4,Positive,8.8,25.8,11,No,0,24-48h,Slow,1
Tkt-0763,2026-02-21 09:00:00,Closed,Phone,Tier2,4,Positive,4.8,14.9,9,No,0,Within 24h,Slow,1
Tkt-0764,2026-01-08 11:00:00,Open,Email,Tier1,4,Positive,3.3,17.2,9,Yes,1,Within 24h,Medium,1
Tkt-0765,2025-12-03 21:00:00,Closed,Email,Escalations,4,Positive,0.2,23.8,9,Yes,1,Within 24h,Fast,1
Tkt-0766,2025-12-28 02:00:00,Closed,Phone,Tier2,5,Positive,3.5,16.1,12,Yes,1,Within 24h,Medium,1
Tkt-0767,2026-01-03 22:00:00,Closed,Phone,Tier1,4,Positive,3.4,8.5,12,Yes,1,Within 24h,Medium,1
Tkt-0768,2026-02-18 14:00:00,Closed,Email,Tier2,3,Neutral,6.6,8.9,12,No,0,Within 24h,Slow,1
Tkt-0769,2025-12-13 20:00:00,Closed,Email,Billing,2,Negative,5.4,14.4,12,No,0,Within 24h,Slow,1
Tkt-0770,2026-02-20 20:00:00,Pending,Phone,Tier1,4,Positive,1.3,2.2,9,Yes,1,Within 24h,Medium,1
Tkt-0771,2026-01-24 05:00:00,Closed,Portal,Tier1,5,Positive,4.6,11.4,9,No,0,Within 24h,Slow,1
Tkt-0772,2025-12-09 06:00:00,Pending,Portal,Tech,4,Positive,5.9,21.3,10,No,0,Within 24h,Slow,1
Tkt-0773,2025-12-20 02:00:00,Closed,Portal,Tier2,5,Positive,8,1,9,No,0,Within 24h,Slow,1
Tkt-0774,2026-01-18 12:00:00,Closed,Portal,Tier2,5,Positive,6.4,24.8,12,No,0,24-48h,Slow,1
Tkt-0775,2025-12-14 08:00:00,Pending,Email,Tier2,5,Positive,6.1,21.5,12,No,0,Within 24h,Slow,1
Tkt-0776,2026-01-22 10:00:00,Closed,Phone,Tier1,5,Positive,4.4,8.8,11,No,0,Within 24h,Slow,1
Tkt-0777,2025-12-26 05:00:00,Closed,Phone,Tier1,5,Positive,5.2,16.8,9,No,0,Within 24h,Slow,1
Tkt-0778,2026-01-04 21:00:00,Closed,Email,Tier2,5,Positive,7.3,12.5,9,No,0,Within 24h,Slow,1
Tkt-0779,2025-12-01 21:00:00,Closed,Portal,Tier1,5,Positive,0.9,22.3,10,Yes,1,Within 24h,Fast,1
Tkt-0780,2025-12-07 04:00:00,Closed,Email,Tier1,4,Positive,3.3,20.4,10,Yes,1,Within 24h,Medium,1
Tkt-0781,2025-12-20 01:00:00,Closed,Portal,Tech,4,Positive,2.3,1.3,12,Yes,1,Within 24h,Medium,1
Tkt-0782,2026-02-01 11:00:00,Closed,Phone,Escalations,1,Negative,5.1,17.2,11,No,0,Within 24h,Slow,1
Tkt-0783,2026-01-02 17:00:00,Closed,Phone,Tech,5,Positive,7.3,10.9,9,No,0,Within 24h,Slow,1
Tkt-0784,2026-01-07 14:00:00,Pending,Phone,Tech,5,Positive,2.7,13.2,9,Yes,1,Within 24h,Medium,1
Tkt-0785,2026-01-01 12:00:00,Closed,Portal,Tier1,2,Negative,0.1,6.7,11,Yes,1,Within 24h,Fast,1
Tkt-0786,2026-01-06 01:00:00,Closed,Phone,Escalations,5,Positive,3.2,26.5,9,Yes,1,24-48h,Medium,1
Tkt-0787,2026-02-16 14:00:00,Closed,Phone,Tier1,4,Positive,6.5,20.8,10,No,0,Within 24h,Slow,1
Tkt-0788,2026-01-05 14:00:00,Closed,Email,Escalations,2,Negative,5.5,6.6,11,No,0,Within 24h,Slow,1
Tkt-0789,2025-12-05 16:00:00,Closed,Phone,Escalations,5,Positive,5.3,1.8,9,No,0,Within 24h,Slow,1
Tkt-0790,2026-01-12 20:00:00,Pending,Email,Billing,3,Neutral,3.5,9.4,10,Yes,1,Within 24h,Medium,1
Tkt-0791,2025-12-03 09:00:00,Closed,Phone,Escalations,2,Negative,1,16,10,Yes,1,Within 24h,Fast,1
Tkt-0792,2026-02-20 22:00:00,Closed,Phone,Billing,5,Positive,5.5,14.4,12,No,0,Within 24h,Slow,1
Tkt-0793,2026-02-18 22:00:00,Closed,Phone,Tier1,5,Positive,2.1,22.5,9,Yes,1,Within 24h,Medium,1
Tkt-0794,2026-01-04 21:00:00,Open,Email,Tier2,2,Negative,9.7,18.8,11,No,0,Within 24h,Slow,1
Tkt-0795,2026-01-12 20:00:00,Closed,Email,Billing,5,Positive,5.6,20.3,10,No,0,Within 24h,Slow,1
Tkt-0796,2025-12-19 23:00:00,Closed,Phone,Tier1,4,Positive,2.7,15.1,10,Yes,1,Within 24h,Medium,1
Tkt-0797,2025-12-15 07:00:00,Closed,Email,Billing,2,Negative,2.7,1.4,12,Yes,1,Within 24h,Medium,1
Tkt-0798,2025-12-19 14:00:00,Closed,Email,Escalations,3,Neutral,4,10.9,11,No,0,Within 24h,Medium,1
Tkt-0799,2025-12-05 21:00:00,Closed,Email,Tier1,5,Positive,3.6,21,12,Yes,1,Within 24h,Medium,1
Tkt-0800,2026-01-07 13:00:00,Closed,Portal,Tech,4,Positive,7,12.1,10,No,0,Within 24h,Slow,1
Tkt-0801,2025-12-05 11:00:00,Pending,Phone,Escalations,5,Positive,4.7,16.5,9,No,0,Within 24h,Slow,1
Tkt-0802,2026-02-22 15:00:00,Closed,Email,Escalations,5,Positive,2.4,10,11,Yes,1,Within 24h,Medium,1
Tkt-0803,2025-12-14 15:00:00,Closed,Email,Escalations,5,Positive,8.9,4.3,9,No,0,Within 24h,Slow,1
Tkt-0804,2026-01-14 21:00:00,Closed,Email,Tier2,4,Positive,4.3,11.5,9,No,0,Within 24h,Slow,1
Tkt-0805,2025-12-17 08:00:00,Closed,Portal,Escalations,5,Positive,6.1,15,12,No,0,Within 24h,Slow,1
Tkt-0806,2026-02-01 20:00:00,Closed,Phone,Tech,4,Positive,2.7,7.3,10,Yes,1,Within 24h,Medium,1
Tkt-0807,2025-12-06 09:00:00,Closed,Email,Tier1,4,Positive,5.1,10.6,9,No,0,Within 24h,Slow,1
Tkt-0808,2026-01-31 21:00:00,Closed,Email,Tier2,2,Negative,5,5,11,No,0,Within 24h,Slow,1
Tkt-0809,2026-01-15 07:00:00,Pending,Email,Billing,2,Negative,0.1,21.5,12,Yes,1,Within 24h,Fast,1
Tkt-0810,2026-01-12 21:00:00,Closed,Phone,Tier1,5,Positive,9.2,10.1,11,No,0,Within 24h,Slow,1
Tkt-0811,2026-01-24 06:00:00,Closed,Portal,Billing,4,Positive,7.4,24.1,9,No,0,24-48h,Slow,1
Tkt-0812,2026-01-31 11:00:00,Pending,Email,Billing,3,Neutral,3.2,24.7,11,Yes,1,24-48h,Medium,1
Tkt-0813,2025-12-19 05:00:00,Closed,Email,Tier1,5,Positive,1.4,11.9,12,Yes,1,Within 24h,Medium,1
Tkt-0814,2025-12-12 03:00:00,Closed,Email,Billing,4,Positive,5.1,4.4,12,No,0,Within 24h,Slow,1
Tkt-0815,2025-12-08 07:00:00,Closed,Portal,Tech,5,Positive,4.4,1,10,No,0,Within 24h,Slow,1
Tkt-0816,2026-02-25 05:00:00,Closed,Email,Tier2,4,Positive,5.1,1,11,No,0,Within 24h,Slow,1
Tkt-0817,2025-12-06 02:00:00,Closed,Portal,Tier1,5,Positive,4.7,1.5,12,No,0,Within 24h,Slow,1
Tkt-0818,2026-01-26 00:00:00,Open,Phone,Tier1,5,Positive,5.5,23.5,12,No,0,Within 24h,Slow,1
Tkt-0819,2026-02-05 16:00:00,Closed,Email,Tier2,4,Positive,7.8,13.4,10,No,0,Within 24h,Slow,1
Tkt-0820,2025-12-01 15:00:00,Closed,Email,Escalations,4,Positive,5.6,15.6,12,No,0,Within 24h,Slow,1
Tkt-0821,2026-01-16 13:00:00,Open,Email,Tier1,4,Positive,1.6,1,9,Yes,1,Within 24h,Medium,1
Tkt-0822,2026-02-28 19:00:00,Closed,Phone,Billing,5,Positive,7.6,2.9,11,No,0,Within 24h,Slow,1
Tkt-0823,2026-02-10 06:00:00,Closed,Portal,Tier1,4,Positive,8.3,19.6,10,No,0,Within 24h,Slow,1
Tkt-0824,2025-12-06 12:00:00,Closed,Phone,Tier2,3,Neutral,12.1,14.8,9,No,0,Within 24h,Slow,1
Tkt-0825,2026-02-20 20:00:00,Closed,Phone,Tech,2,Negative,1.4,11.3,9,Yes,1,Within 24h,Medium,1
Tkt-0826,2025-12-10 00:00:00,Closed,Email,Billing,4,Positive,4.8,17,11,No,0,Within 24h,Slow,1
Tkt-0827,2026-02-17 01:00:00,Closed,Portal,Tier1,4,Positive,0.1,25.6,10,Yes,1,24-48h,Fast,1
Tkt-0828,2025-12-23 18:00:00,Closed,Portal,Tier2,5,Positive,5.6,10.7,12,No,0,Within 24h,Slow,1
Tkt-0829,2026-01-11 11:00:00,Closed,Email,Tier1,3,Neutral,2.8,13.1,10,Yes,1,Within 24h,Medium,1
Tkt-0830,2026-01-01 14:00:00,Closed,Portal,Tier2,4,Positive,9,14,12,No,0,Within 24h,Slow,1
Tkt-0831,2026-02-08 13:00:00,Closed,Phone,Billing,5,Positive,2.3,31.6,11,Yes,1,24-48h,Medium,1
Tkt-0832,2026-01-20 01:00:00,Pending,Phone,Tier1,5,Positive,0.1,1,11,Yes,1,Within 24h,Fast,1
Tkt-0833,2026-01-18 06:00:00,Pending,Phone,Tier1,4,Positive,3,18,9,Yes,1,Within 24h,Medium,1
Tkt-0834,2025-12-14 22:00:00,Closed,Portal,Tier2,4,Positive,0.1,11.6,9,Yes,1,Within 24h,Fast,1
Tkt-0835,2026-02-22 20:00:00,Closed,Phone,Escalations,4,Positive,6.1,17,9,No,0,Within 24h,Slow,1
Tkt-0836,2026-02-08 05:00:00,Closed,Email,Escalations,5,Positive,0.1,7.2,11,Yes,1,Within 24h,Fast,1
Tkt-0837,2026-02-22 03:00:00,Closed,Email,Tier1,2,Negative,4.3,12.1,12,No,0,Within 24h,Slow,1
Tkt-0838,2026-02-18 16:00:00,Closed,Portal,Tech,5,Positive,0.1,18.2,11,Yes,1,Within 24h,Fast,1
Tkt-0839,2026-01-03 03:00:00,Closed,Email,Tier2,5,Positive,3.4,37.4,11,Yes,1,24-48h,Medium,1
Tkt-0840,2026-01-05 09:00:00,Open,Email,Tier2,4,Positive,8.3,19,9,No,0,Within 24h,Slow,1
Tkt-0841,2025-12-13 10:00:00,Closed,Phone,Tech,2,Negative,5.1,5.7,10,No,0,Within 24h,Slow,1
Tkt-0842,2026-01-06 16:00:00,Pending,Phone,Escalations,4,Positive,2,9.1,9,Yes,1,Within 24h,Medium,1
Tkt-0843,2026-02-01 08:00:00,Closed,Phone,Escalations,4,Positive,4.1,8.9,10,No,0,Within 24h,Slow,1
Tkt-0844,2026-02-14 13:00:00,Pending,Portal,Billing,3,Neutral,4.2,1,12,No,0,Within 24h,Slow,1
Tkt-0845,2026-01-04 21:00:00,Closed,Email,Tier2,5,Positive,5.4,9.9,12,No,0,Within 24h,Slow,1
Tkt-0846,2026-01-23 03:00:00,Pending,Email,Tech,5,Positive,0.8,18.4,12,Yes,1,Within 24h,Fast,1
Tkt-0847,2025-12-04 06:00:00,Closed,Email,Tier1,5,Positive,5.7,2.3,9,No,0,Within 24h,Slow,1
Tkt-0848,2025-12-28 08:00:00,Closed,Portal,Billing,5,Positive,0.1,20.9,9,Yes,1,Within 24h,Fast,1
Tkt-0849,2025-12-05 15:00:00,Closed,Phone,Tier2,2,Negative,2.6,16.4,9,Yes,1,Within 24h,Medium,1
Tkt-0850,2026-02-23 17:00:00,Open,Email,Billing,4,Positive,3,6.6,11,Yes,1,Within 24h,Medium,1
Tkt-0851,2026-01-09 05:00:00,Closed,Portal,Tier1,2,Negative,5.8,11.4,9,No,0,Within 24h,Slow,1
Tkt-0852,2026-02-22 00:00:00,Closed,Portal,Tier1,5,Positive,4.3,25.3,11,No,0,24-48h,Slow,1
Tkt-0853,2026-02-02 15:00:00,Closed,Portal,Escalations,5,Positive,0.7,18.4,12,Yes,1,Within 24h,Fast,1
Tkt-0854,2026-02-01 20:00:00,Closed,Portal,Tier1,5,Positive,1.7,12.6,9,Yes,1,Within 24h,Medium,1
Tkt-0855,2026-01-27 15:00:00,Pending,Email,Tier2,2,Negative,4.7,10.6,11,No,0,Within 24h,Slow,1
Tkt-0856,2026-01-18 21:00:00,Open,Portal,Tier1,4,Positive,4,13.1,12,No,0,Within 24h,Medium,1
Tkt-0857,2026-02-28 09:00:00,Closed,Phone,Tier1,5,Positive,2.8,8.4,12,Yes,1,Within 24h,Medium,1
Tkt-0858,2026-01-04 19:00:00,Closed,Portal,Tier1,4,Positive,3,1,9,Yes,1,Within 24h,Medium,1
Tkt-0859,2026-02-12 12:00:00,Open,Phone,Tier1,5,Positive,5.9,28.8,10,No,0,24-48h,Slow,1
Tkt-0860,2025-12-22 02:00:00,Closed,Portal,Tech,5,Positive,2.9,13.7,10,Yes,1,Within 24h,Medium,1
Tkt-0861,2026-01-30 08:00:00,Closed,Phone,Tier1,5,Positive,4,15.7,12,No,0,Within 24h,Medium,1
Tkt-0862,2025-12-19 03:00:00,Closed,Email,Escalations,4,Positive,9.6,12,10,No,0,Within 24h,Slow,1
Tkt-0863,2026-01-14 22:00:00,Closed,Phone,Billing,4,Positive,0.6,6.6,10,Yes,1,Within 24h,Fast,1
Tkt-0864,2026-01-09 01:00:00,Closed,Portal,Tier2,2,Negative,0.1,11,11,Yes,1,Within 24h,Fast,1
Tkt-0865,2026-02-23 11:00:00,Closed,Portal,Billing,4,Positive,6.2,1,11,No,0,Within 24h,Slow,1
Tkt-0866,2026-02-26 10:00:00,Pending,Email,Tier2,4,Positive,2.5,30.7,11,Yes,1,24-48h,Medium,1
Tkt-0867,2026-02-19 14:00:00,Pending,Email,Tech,5,Positive,3.4,2.6,12,Yes,1,Within 24h,Medium,1
Tkt-0868,2025-12-17 11:00:00,Closed,Email,Tier1,5,Positive,2.2,4.2,10,Yes,1,Within 24h,Medium,1
Tkt-0869,2025-12-17 12:00:00,Closed,Phone,Tier2,2,Negative,3.6,9,9,Yes,1,Within 24h,Medium,1
Tkt-0870,2025-12-09 11:00:00,Closed,Portal,Tech,4,Positive,8.2,22.8,10,No,0,Within 24h,Slow,1
Tkt-0871,2026-01-22 21:00:00,Closed,Email,Escalations,3,Neutral,6.2,12.6,12,No,0,Within 24h,Slow,1
Tkt-0872,2026-01-09 00:00:00,Closed,Phone,Tech,3,Neutral,6.4,2.6,11,No,0,Within 24h,Slow,1
Tkt-0873,2026-01-18 19:00:00,Closed,Portal,Tier2,5,Positive,0.7,22.5,12,Yes,1,Within 24h,Fast,1
Tkt-0874,2025-12-11 10:00:00,Open,Phone,Tech,2,Negative,1.3,18.3,11,Yes,1,Within 24h,Medium,1
Tkt-0875,2025-12-02 13:00:00,Pending,Phone,Tier2,4,Positive,0.1,16.8,12,Yes,1,Within 24h,Fast,1
Tkt-0876,2026-02-17 11:00:00,Closed,Phone,Tier2,3,Neutral,2.2,18.2,9,Yes,1,Within 24h,Medium,1
Tkt-0877,2026-02-15 17:00:00,Closed,Phone,Tier1,5,Positive,6.6,31.7,11,No,0,24-48h,Slow,1
Tkt-0878,2026-01-04 06:00:00,Open,Email,Billing,5,Positive,5.5,30,11,No,0,24-48h,Slow,1
Tkt-0879,2026-01-08 08:00:00,Closed,Phone,Tier1,3,Neutral,3.6,7,10,Yes,1,Within 24h,Medium,1
Tkt-0880,2026-02-18 12:00:00,Closed,Phone,Tier2,4,Positive,4.1,25.5,12,No,0,24-48h,Slow,1
Tkt-0881,2026-01-20 01:00:00,Closed,Portal,Tech,5,Positive,2.5,15.6,10,Yes,1,Within 24h,Medium,1
Tkt-0882,2026-01-16 17:00:00,Open,Phone,Tier1,5,Positive,4.7,16.5,12,No,0,Within 24h,Slow,1
Tkt-0883,2026-01-17 19:00:00,Pending,Portal,Tier1,3,Neutral,6.1,1,9,No,0,Within 24h,Slow,1
Tkt-0884,2026-02-19 08:00:00,Closed,Email,Tier1,5,Positive,0.2,11.1,10,Yes,1,Within 24h,Fast,1
Tkt-0885,2025-12-09 21:00:00,Pending,Phone,Escalations,5,Positive,4.9,6,11,No,0,Within 24h,Slow,1
Tkt-0886,2025-12-23 08:00:00,Closed,Email,Tier2,5,Positive,6.5,19.1,9,No,0,Within 24h,Slow,1
Tkt-0887,2026-02-04 13:00:00,Closed,Email,Tier2,5,Positive,3.2,21.1,12,Yes,1,Within 24h,Medium,1
Tkt-0888,2026-01-15 01:00:00,Pending,Phone,Tech,5,Positive,6,1,11,No,0,Within 24h,Slow,1
Tkt-0889,2025-12-08 20:00:00,Closed,Portal,Tech,4,Positive,11.2,12.3,12,No,0,Within 24h,Slow,1
Tkt-0890,2026-01-29 21:00:00,Closed,Email,Tier2,5,Positive,3.9,21.5,11,Yes,1,Within 24h,Medium,1
Tkt-0891,2026-02-10 16:00:00,Closed,Email,Billing,4,Positive,5.2,11,12,No,0,Within 24h,Slow,1
Tkt-0892,2026-02-03 19:00:00,Closed,Portal,Tech,5,Positive,2.4,18.3,11,Yes,1,Within 24h,Medium,1
Tkt-0893,2025-12-13 20:00:00,Closed,Email,Billing,4,Positive,4.7,15.3,12,No,0,Within 24h,Slow,1
Tkt-0894,2025-12-07 22:00:00,Closed,Phone,Tier1,5,Positive,5.4,15.2,10,No,0,Within 24h,Slow,1
Tkt-0895,2026-02-06 04:00:00,Closed,Phone,Tech,5,Positive,4.7,10.3,11,No,0,Within 24h,Slow,1
Tkt-0896,2025-12-27 10:00:00,Closed,Phone,Tier2,3,Neutral,1.7,2.8,11,Yes,1,Within 24h,Medium,1
Tkt-0897,2025-12-18 06:00:00,Closed,Email,Tier1,5,Positive,4.7,3.5,10,No,0,Within 24h,Slow,1
Tkt-0898,2026-01-02 03:00:00,Open,Email,Tier2,4,Positive,7.9,18.2,12,No,0,Within 24h,Slow,1
Tkt-0899,2025-12-18 04:00:00,Pending,Portal,Tier1,5,Positive,5.3,12.7,11,No,0,Within 24h,Slow,1
Tkt-0900,2025-12-09 05:00:00,Closed,Phone,Tier1,4,Positive,6.6,11.4,10,No,0,Within 24h,Slow,1
Tkt-0901,2026-01-18 04:00:00,Open,Email,Tech,4,Positive,3.6,9.1,12,Yes,1,Within 24h,Medium,1
Tkt-0902,2026-01-19 20:00:00,Pending,Portal,Tier1,5,Positive,6.1,10.1,11,No,0,Within 24h,Slow,1
Tkt-0903,2026-01-03 22:00:00,Closed,Email,Tier2,4,Positive,4.9,20.9,11,No,0,Within 24h,Slow,1
Tkt-0904,2025-12-30 10:00:00,Closed,Phone,Tier2,5,Positive,1.8,9.8,12,Yes,1,Within 24h,Medium,1
Tkt-0905,2025-12-10 15:00:00,Closed,Email,Tier1,4,Positive,5,1.8,10,No,0,Within 24h,Slow,1
Tkt-0906,2026-01-24 06:00:00,Closed,Portal,Escalations,4,Positive,1.7,18.4,11,Yes,1,Within 24h,Medium,1
Tkt-0907,2026-02-21 13:00:00,Closed,Email,Tier1,4,Positive,2.6,10.9,12,Yes,1,Within 24h,Medium,1
Tkt-0908,2025-12-26 22:00:00,Closed,Email,Tier2,5,Positive,4.7,12.8,11,No,0,Within 24h,Slow,1
Tkt-0909,2026-01-20 10:00:00,Closed,Email,Tier2,4,Positive,4.9,25.4,12,No,0,24-48h,Slow,1
Tkt-0910,2026-01-02 23:00:00,Closed,Email,Tier1,2,Negative,1.2,12.3,11,Yes,1,Within 24h,Medium,1
Tkt-0911,2026-02-21 13:00:00,Closed,Portal,Tier1,4,Positive,6.8,14.8,9,No,0,Within 24h,Slow,1
Tkt-0912,2026-01-23 22:00:00,Closed,Portal,Billing,1,Negative,5.6,3.1,10,No,0,Within 24h,Slow,1
Tkt-0913,2025-12-08 22:00:00,Closed,Email,Escalations,5,Positive,2.4,10.7,10,Yes,1,Within 24h,Medium,1
Tkt-0914,2025-12-12 05:00:00,Closed,Phone,Tier1,5,Positive,0.4,17.4,9,Yes,1,Within 24h,Fast,1
Tkt-0915,2025-12-26 12:00:00,Closed,Phone,Billing,4,Positive,3.8,1,12,Yes,1,Within 24h,Medium,1
Tkt-0916,2025-12-31 06:00:00,Closed,Portal,Billing,5,Positive,3.1,14.1,10,Yes,1,Within 24h,Medium,1
Tkt-0917,2025-12-20 01:00:00,Closed,Phone,Tech,4,Positive,4.5,13.3,12,No,0,Within 24h,Slow,1
Tkt-0918,2026-02-23 10:00:00,Closed,Email,Tier2,5,Positive,3.3,12.8,11,Yes,1,Within 24h,Medium,1
Tkt-0919,2025-12-17 04:00:00,Pending,Phone,Tier2,5,Positive,0.1,20.8,9,Yes,1,Within 24h,Fast,1
Tkt-0920,2026-02-04 14:00:00,Closed,Phone,Tier2,5,Positive,3.2,15.2,12,Yes,1,Within 24h,Medium,1
Tkt-0921,2025-12-13 09:00:00,Closed,Email,Billing,4,Positive,3.4,24.3,12,Yes,1,24-48h,Medium,1
Tkt-0922,2025-12-26 20:00:00,Closed,Phone,Tech,5,Positive,5.8,4.6,10,No,0,Within 24h,Slow,1
Tkt-0923,2026-02-21 10:00:00,Closed,Email,Tier1,4,Positive,2.5,13.6,11,Yes,1,Within 24h,Medium,1
Tkt-0924,2026-02-15 14:00:00,Closed,Portal,Tier2,5,Positive,8.4,13.2,10,No,0,Within 24h,Slow,1
Tkt-0925,2026-02-18 08:00:00,Open,Email,Escalations,1,Negative,0.1,3.9,11,Yes,1,Within 24h,Fast,1
Tkt-0926,2025-12-08 19:00:00,Closed,Phone,Tech,5,Positive,7.5,20.2,10,No,0,Within 24h,Slow,1
Tkt-0927,2026-02-23 17:00:00,Closed,Phone,Escalations,5,Positive,3.6,31.1,12,Yes,1,24-48h,Medium,1
Tkt-0928,2026-01-03 10:00:00,Closed,Phone,Tech,5,Positive,6.3,12.4,12,No,0,Within 24h,Slow,1
Tkt-0929,2025-12-23 08:00:00,Closed,Email,Tier2,3,Neutral,4.4,16.5,9,No,0,Within 24h,Slow,1
Tkt-0930,2025-12-12 19:00:00,Pending,Phone,Billing,5,Positive,7,13.2,12,No,0,Within 24h,Slow,1
Tkt-0931,2026-01-13 13:00:00,Closed,Phone,Billing,3,Neutral,3.2,6.8,12,Yes,1,Within 24h,Medium,1
Tkt-0932,2026-01-23 12:00:00,Closed,Phone,Tier1,5,Positive,1.5,1,12,Yes,1,Within 24h,Medium,1
Tkt-0933,2026-01-07 14:00:00,Closed,Phone,Tier2,3,Neutral,7.8,6.9,12,No,0,Within 24h,Slow,1
Tkt-0934,2025-12-04 05:00:00,Pending,Phone,Billing,4,Positive,3.9,1.4,9,Yes,1,Within 24h,Medium,1
Tkt-0935,2026-02-22 04:00:00,Closed,Portal,Tier1,4,Positive,4.8,26.1,11,No,0,24-48h,Slow,1
Tkt-0936,2025-12-08 14:00:00,Open,Email,Tech,4,Positive,7.3,11.6,9,No,0,Within 24h,Slow,1
Tkt-0937,2026-02-20 14:00:00,Closed,Portal,Billing,3,Neutral,1.6,9.7,9,Yes,1,Within 24h,Medium,1
Tkt-0938,2026-02-16 07:00:00,Pending,Phone,Escalations,3,Neutral,5.7,19.6,10,No,0,Within 24h,Slow,1
Tkt-0939,2025-12-04 12:00:00,Closed,Email,Tier1,4,Positive,2.7,3.5,11,Yes,1,Within 24h,Medium,1
Tkt-0940,2026-01-23 16:00:00,Closed,Email,Tier1,5,Positive,3.9,6.4,10,Yes,1,Within 24h,Medium,1
Tkt-0941,2025-12-06 05:00:00,Closed,Email,Billing,5,Positive,4.4,13,9,No,0,Within 24h,Slow,1
Tkt-0942,2026-02-09 14:00:00,Closed,Portal,Tier1,2,Negative,0.4,20.7,12,Yes,1,Within 24h,Fast,1
Tkt-0943,2026-02-18 06:00:00,Closed,Phone,Billing,4,Positive,2.3,16.5,11,Yes,1,Within 24h,Medium,1
Tkt-0944,2025-12-06 20:00:00,Closed,Portal,Tech,2,Negative,7.6,14.5,12,No,0,Within 24h,Slow,1
Tkt-0945,2026-01-15 15:00:00,Open,Phone,Tier1,1,Negative,6.4,13.1,9,No,0,Within 24h,Slow,1
Tkt-0946,2025-12-07 02:00:00,Pending,Phone,Tier2,5,Positive,4,15.7,9,No,0,Within 24h,Medium,1
Tkt-0947,2025-12-06 12:00:00,Closed,Email,Tier2,5,Positive,4.8,14.1,9,No,0,Within 24h,Slow,1
Tkt-0948,2026-02-12 05:00:00,Closed,Email,Tier2,3,Neutral,3.5,4.3,11,Yes,1,Within 24h,Medium,1
Tkt-0949,2026-02-18 15:00:00,Closed,Phone,Escalations,3,Neutral,7.6,12.9,10,No,0,Within 24h,Slow,1
Tkt-0950,2025-12-19 12:00:00,Closed,Email,Tech,1,Negative,3.7,3.9,10,Yes,1,Within 24h,Medium,1
Tkt-0951,2025-12-08 14:00:00,Closed,Email,Billing,5,Positive,4.8,13.1,12,No,0,Within 24h,Slow,1
Tkt-0952,2026-02-12 03:00:00,Pending,Phone,Billing,5,Positive,7.1,8.7,11,No,0,Within 24h,Slow,1
Tkt-0953,2025-12-01 01:00:00,Closed,Phone,Tier2,3,Neutral,2.3,32.8,12,Yes,1,24-48h,Medium,1
Tkt-0954,2025-12-03 08:00:00,Closed,Portal,Escalations,3,Neutral,8.1,12.2,12,No,0,Within 24h,Slow,1
Tkt-0955,2026-02-17 04:00:00,Closed,Portal,Billing,5,Positive,0.4,1.3,10,Yes,1,Within 24h,Fast,1
Tkt-0956,2025-12-05 11:00:00,Closed,Phone,Billing,5,Positive,8.3,11.4,11,No,0,Within 24h,Slow,1
Tkt-0957,2025-12-25 13:00:00,Open,Phone,Tech,4,Positive,3.3,16.7,9,Yes,1,Within 24h,Medium,1
Tkt-0958,2026-02-26 13:00:00,Pending,Phone,Tier1,2,Negative,3.6,25.9,12,Yes,1,24-48h,Medium,1
Tkt-0959,2026-01-20 19:00:00,Closed,Portal,Tech,2,Negative,0.1,7.8,9,Yes,1,Within 24h,Fast,1
Tkt-0960,2026-02-01 14:00:00,Pending,Email,Tier1,5,Positive,3.1,1,11,Yes,1,Within 24h,Medium,1
Tkt-0961,2025-12-28 18:00:00,Closed,Email,Tier2,4,Positive,1.6,19,12,Yes,1,Within 24h,Medium,1
Tkt-0962,2026-01-31 20:00:00,Closed,Portal,Tier2,1,Negative,2.7,1.5,9,Yes,1,Within 24h,Medium,1
Tkt-0963,2026-02-09 22:00:00,Closed,Email,Escalations,5,Positive,3.9,9,9,Yes,1,Within 24h,Medium,1
Tkt-0964,2026-01-22 21:00:00,Closed,Phone,Tech,1,Negative,6.6,10.4,10,No,0,Within 24h,Slow,1
Tkt-0965,2025-12-26 07:00:00,Closed,Phone,Billing,5,Positive,4.7,11.9,11,No,0,Within 24h,Slow,1
Tkt-0966,2025-12-23 23:00:00,Closed,Email,Billing,4,Positive,5,18,11,No,0,Within 24h,Slow,1
Tkt-0967,2025-12-06 14:00:00,Closed,Email,Billing,2,Negative,1.5,7,11,Yes,1,Within 24h,Medium,1
Tkt-0968,2025-12-11 20:00:00,Closed,Email,Escalations,5,Positive,2,10.3,12,Yes,1,Within 24h,Medium,1
Tkt-0969,2025-12-14 12:00:00,Closed,Email,Tier2,4,Positive,8.7,12.4,10,No,0,Within 24h,Slow,1
Tkt-0970,2026-02-09 19:00:00,Closed,Email,Tier2,5,Positive,2.4,13.7,12,Yes,1,Within 24h,Medium,1
Tkt-0971,2026-02-05 02:00:00,Closed,Portal,Tier1,4,Positive,8.3,13.3,11,No,0,Within 24h,Slow,1
Tkt-0972,2025-12-11 19:00:00,Closed,Email,Tech,4,Positive,3.6,16,12,Yes,1,Within 24h,Medium,1
Tkt-0973,2026-01-03 23:00:00,Closed,Phone,Billing,5,Positive,4.2,19.3,9,No,0,Within 24h,Slow,1
Tkt-0974,2026-01-07 13:00:00,Open,Email,Tier2,4,Positive,6.9,15.6,12,No,0,Within 24h,Slow,1
Tkt-0975,2025-12-04 01:00:00,Closed,Portal,Tier1,5,Positive,7.4,16.1,12,No,0,Within 24h,Slow,1
Tkt-0976,2026-01-29 10:00:00,Closed,Email,Tech,4,Positive,3.9,1,11,Yes,1,Within 24h,Medium,1
Tkt-0977,2025-12-12 15:00:00,Open,Phone,Tier1,4,Positive,3.2,12.9,9,Yes,1,Within 24h,Medium,1
Tkt-0978,2026-01-02 17:00:00,Closed,Portal,Billing,2,Negative,4.1,16.3,11,No,0,Within 24h,Slow,1
Tkt-0979,2025-12-22 17:00:00,Closed,Portal,Escalations,4,Positive,5,18.3,9,No,0,Within 24h,Slow,1
Tkt-0980,2026-01-20 09:00:00,Closed,Email,Tier2,5,Positive,6.4,7,9,No,0,Within 24h,Slow,1
Tkt-0981,2026-02-04 13:00:00,Closed,Portal,Tier1,5,Positive,4.2,7.2,9,No,0,Within 24h,Slow,1
Tkt-0982,2025-12-04 06:00:00,Pending,Phone,Billing,3,Neutral,5.7,7.9,11,No,0,Within 24h,Slow,1
Tkt-0983,2026-01-03 10:00:00,Open,Phone,Tech,3,Neutral,8.3,16.8,9,No,0,Within 24h,Slow,1
Tkt-0984,2026-01-23 12:00:00,Closed,Email,Tier2,5,Positive,5.2,20.8,10,No,0,Within 24h,Slow,1
Tkt-0985,2025-12-26 08:00:00,Closed,Email,Escalations,5,Positive,5,9.2,10,No,0,Within 24h,Slow,1
Tkt-0986,2026-01-06 19:00:00,Closed,Phone,Tier1,2,Negative,0.4,19.8,10,Yes,1,Within 24h,Fast,1
Tkt-0987,2026-02-03 05:00:00,Closed,Phone,Tier2,4,Positive,0.1,13.5,10,Yes,1,Within 24h,Fast,1
Tkt-0988,2026-02-11 16:00:00,Closed,Phone,Billing,4,Positive,5.2,11.5,11,No,0,Within 24h,Slow,1
Tkt-0989,2026-02-22 04:00:00,Closed,Phone,Tech,5,Positive,4,10.8,12,No,0,Within 24h,Medium,1
Tkt-0990,2025-12-29 13:00:00,Closed,Portal,Tier1,2,Negative,2.9,18.5,12,Yes,1,Within 24h,Medium,1
Tkt-0991,2025-12-20 21:00:00,Closed,Email,Tech,3,Neutral,4.8,15.1,10,No,0,Within 24h,Slow,1
Tkt-0992,2025-12-24 21:00:00,Closed,Phone,Billing,5,Positive,4,30.7,12,No,0,24-48h,Medium,1
Tkt-0993,2026-01-23 22:00:00,Closed,Email,Tier2,2,Negative,7,5.7,10,No,0,Within 24h,Slow,1
Tkt-0994,2026-02-08 16:00:00,Closed,Portal,Tier1,4,Positive,4.4,16.6,10,No,0,Within 24h,Slow,1
Tkt-0995,2026-01-02 08:00:00,Pending,Phone,Tech,4,Positive,2.3,8.3,12,Yes,1,Within 24h,Medium,1
Tkt-0996,2026-02-10 11:00:00,Closed,Portal,Tier1,4,Positive,6.7,5.5,12,No,0,Within 24h,Slow,1
Tkt-0997,2026-02-17 17:00:00,Pending,Email,Tier2,4,Positive,3.7,12.4,9,Yes,1,Within 24h,Medium,1
Tkt-0998,2026-01-02 13:00:00,Closed,Email,Tier1,4,Positive,5.5,13.6,10,No,0,Within 24h,Slow,1
Tkt-0999,2026-02-25 11:00:00,Closed,Email,Tech,3,Neutral,3,35.8,12,Yes,1,24-48h,Medium,1
